,County,DistrictCode,DistrictName,SchoolCode,SchoolName,CurrentSchoolType,GradeLevel,All Students,Female,Gender X,Male,American Indian/ Alaskan Native,Asian,Black/ African American,Hispanic/ Latino of any race(s),Native Hawaiian/ Other Pacific Islander,Two or More Races,White,English Language Learners,Foster Care,Highly Capable,Homeless,Low-Income,Migrant,Military Parent,Mobile,Section 504,Students with Disabilities,Non-English Language Learners,Non-Foster Care,Non-Highly Capable,Non-Homeless,Non-Low Income,Non Migrant,BegginingGrade9,TransferIn,Year1Dropout,Year2Dropout,Year3Dropout,Year4Dropout,TransferOut,FinalCohort,Graduate,Continuing,Dropout,GraduationRate,DisciplineRate,Expenditure
0,Grays Harbor,14005.0,Aberdeen School District,3857.0,Harbor High School,P,12th Grade,51,29,0,22,3,0,0,15,1,2,30,8,0,0,19,40,0,1,9,4,9,43,50,51,32,11,51,41.0,2.0,,,2.0,7.0,1.0,42.0,14.0,19.0,9.0,0.3333,5.10%,1760238.6
1,Grays Harbor,14005.0,Aberdeen School District,3476.0,J M Weatherwax High School,P,12th Grade,222,96,0,126,4,9,2,64,0,17,126,17,0,14,12,111,3,1,14,10,41,205,221,208,210,111,219,193.0,27.0,3.0,2.0,2.0,3.0,24.0,196.0,161.0,25.0,10.0,0.8214,4.50%,14207768.8
2,Skagit,29103.0,Anacortes School District,2467.0,Anacortes High School,P,12th Grade,175,84,0,91,1,9,1,18,0,3,143,5,0,0,0,37,0,14,3,6,18,170,175,175,175,138,175,167.0,26.0,,,1.0,2.0,25.0,168.0,161.0,4.0,3.0,0.9583,<2%,11196179.6
3,Skagit,29103.0,Anacortes School District,5176.0,Cap Sante High School,A,12th Grade,43,17,0,26,0,0,0,7,0,2,34,0,0,0,0,22,0,1,8,6,2,43,43,43,43,21,43,41.0,5.0,,,1.0,10.0,7.0,39.0,15.0,13.0,11.0,0.3846,<5%,690262.4
4,Snohomish,31016.0,Arlington School District,2523.0,Arlington High School,P,12th Grade,415,187,0,228,5,7,3,56,3,16,325,9,0,13,21,123,3,2,14,26,40,406,413,402,394,292,412,399.0,26.0,1.0,,4.0,12.0,36.0,389.0,365.0,7.0,17.0,0.9383,2.10%,21170675.6
5,Snohomish,31016.0,Arlington School District,2277.0,Arlington Special Educ School,P,12th Grade,1,0,0,1,0,0,0,0,0,0,1,0,0,0,0,0,0,0,1,0,0,1,1,1,1,1,1,,1.0,,,,,1.0,0.0,0.0,0.0,0.0,,Suppressed: N<10,1252405.6
6,Snohomish,31016.0,Arlington School District,4287.0,Weston High School,A,12th Grade,55,25,0,30,1,1,1,6,0,2,44,4,0,1,6,27,1,1,14,4,9,51,55,54,49,28,54,38.0,7.0,,,1.0,1.0,9.0,36.0,20.0,14.0,2.0,0.5556,<4%,2842139.6
7,Asotin,2420.0,Asotin-Anatone School District,2434.0,Asotin Jr Sr High,P,12th Grade,61,34,0,27,0,1,0,6,0,3,51,0,0,3,2,15,0,0,0,1,0,61,60,58,59,46,61,60.0,9.0,,,1.0,1.0,6.0,63.0,58.0,3.0,2.0,0.9206,9.70%,4281702.0
8,King,17408.0,Auburn School District,5037.0,Auburn Mountainview High School,P,12th Grade,378,205,0,173,2,51,48,65,2,30,180,40,0,15,7,169,0,2,16,17,33,338,378,363,371,209,378,366.0,48.0,,2.0,7.0,17.0,46.0,368.0,337.0,5.0,26.0,0.9158,4.50%,21179070.9
9,King,17408.0,Auburn School District,4474.0,Auburn Riverside High School,P,12th Grade,346,182,0,164,2,36,18,96,13,15,166,32,0,22,2,133,0,6,10,8,28,314,345,324,344,213,346,349.0,50.0,,1.0,4.0,14.0,53.0,346.0,319.0,8.0,19.0,0.922,4.30%,21275147.4
10,King,17408.0,Auburn School District,2795.0,Auburn Senior High School,P,12th Grade,393,201,0,192,5,40,29,138,25,21,135,47,0,3,8,241,1,6,36,24,55,346,392,390,385,152,392,393.0,65.0,4.0,6.0,8.0,36.0,55.0,403.0,320.0,29.0,54.0,0.794,4.60%,25132901.2
11,King,17408.0,Auburn School District,2702.0,West Auburn Senior High School,A,12th Grade,77,38,0,39,2,5,8,24,9,3,26,11,0,0,5,50,0,0,30,4,12,66,76,77,72,27,77,99.0,13.0,,4.0,23.0,31.0,12.0,100.0,24.0,18.0,58.0,0.24,7.50%,4580593.6
12,Kitsap,18303.0,Bainbridge Island School District,2395.0,Bainbridge High School,P,12th Grade,285,138,1,146,4,12,0,20,0,24,225,1,0,49,0,17,0,4,4,57,10,284,285,236,285,268,285,284.0,38.0,,,3.0,5.0,36.0,286.0,272.0,6.0,8.0,0.951,2.00%,16146658.9
13,Kitsap,18303.0,Bainbridge Island School District,1935.0,Eagle Harbor High School,A,12th Grade,32,12,0,20,0,3,0,2,0,1,26,0,0,1,0,1,0,0,0,7,5,32,32,31,32,31,32,39.0,1.0,,,1.0,3.0,3.0,37.0,29.0,4.0,4.0,0.7838,<9%,1855016.2
14,Clark,6119.0,Battle Ground School District,2415.0,Battle Ground High School,P,12th Grade,512,225,0,287,2,8,2,36,2,19,443,22,0,17,17,125,0,5,27,19,84,490,511,495,495,387,512,457.0,62.0,1.0,6.0,14.0,22.0,68.0,451.0,397.0,11.0,43.0,0.8803,4.40%,25229748.5
15,Clark,6119.0,Battle Ground School District,1875.0,Homelink River,A,12th Grade,82,47,0,35,0,1,0,9,0,2,70,1,0,0,5,29,0,0,1,10,7,81,82,82,77,53,82,94.0,14.0,1.0,1.0,3.0,14.0,16.0,92.0,73.0,0.0,19.0,0.7935,<3%,10052255.9
16,Clark,6119.0,Battle Ground School District,4104.0,Prairie High School,P,12th Grade,371,178,0,193,4,19,2,53,0,16,277,22,0,13,16,110,0,3,8,14,49,349,369,358,355,261,371,328.0,73.0,2.0,,8.0,22.0,56.0,345.0,299.0,14.0,32.0,0.8667,3.50%,19674086.9
17,Clark,6119.0,Battle Ground School District,4450.0,Summit View High School,A,12th Grade,220,123,0,97,4,2,0,22,1,13,178,6,0,0,29,108,0,1,48,10,21,214,219,220,191,112,220,165.0,23.0,,3.0,23.0,51.0,9.0,179.0,50.0,52.0,77.0,0.2793,<1%,4284860.4
18,King,17405.0,Bellevue School District,2701.0,Bellevue High School,P,12th Grade,453,212,0,241,2,147,11,37,0,37,219,24,0,3,3,63,0,1,13,66,31,429,452,450,450,390,453,413.0,90.0,4.0,10.0,3.0,5.0,67.0,436.0,403.0,11.0,22.0,0.9243,<1%,22307107.1
19,King,17405.0,Bellevue School District,3588.0,Interlake Senior High School,P,12th Grade,397,186,1,210,1,140,19,68,1,29,139,35,0,73,5,99,0,0,11,40,38,362,397,324,392,298,397,377.0,59.0,4.0,3.0,2.0,13.0,45.0,391.0,359.0,10.0,22.0,0.9182,<1%,26948197.3
20,King,17405.0,Bellevue School District,3486.0,Newport Senior High School,P,12th Grade,428,195,0,233,1,229,14,34,1,23,126,23,0,8,4,66,0,1,6,36,35,405,428,420,424,362,428,400.0,55.0,,1.0,2.0,1.0,35.0,420.0,404.0,12.0,4.0,0.9619,<1%,25057708.3
21,King,17405.0,Bellevue School District,3282.0,Sammamish Senior High,P,12th Grade,293,141,1,151,1,66,20,48,1,23,134,26,0,1,13,99,0,0,14,36,38,267,292,292,280,194,293,256.0,54.0,,1.0,7.0,12.0,30.0,280.0,257.0,3.0,20.0,0.9179,<1%,18557946.2
22,Whatcom,37501.0,Bellingham School District,2553.0,Bellingham High School,P,12th Grade,243,119,0,124,4,14,2,43,1,15,164,10,0,17,13,72,1,1,13,25,19,233,242,226,230,171,242,231.0,36.0,,,7.0,3.0,20.0,247.0,220.0,17.0,10.0,0.8907,<1%,14254047.0
23,Whatcom,37501.0,Bellingham School District,1647.0,Options High School,A,12th Grade,51,33,0,18,2,0,3,11,0,7,28,1,0,0,11,36,0,0,6,9,9,50,50,51,40,15,51,56.0,5.0,,2.0,1.0,3.0,6.0,55.0,39.0,10.0,6.0,0.7091,<5%,3316090.2
24,Whatcom,37501.0,Bellingham School District,3576.0,Sehome High School,P,12th Grade,305,146,0,159,3,18,8,30,0,16,230,5,0,44,9,73,2,0,7,26,28,300,303,261,296,232,303,294.0,33.0,,,1.0,6.0,35.0,292.0,268.0,17.0,7.0,0.9178,<1%,14971434.4
25,Whatcom,37501.0,Bellingham School District,4515.0,Squalicum High School,P,12th Grade,311,162,0,149,3,37,5,74,1,22,169,15,0,15,14,119,6,0,19,26,27,296,310,296,297,192,305,286.0,37.0,2.0,2.0,9.0,14.0,20.0,303.0,257.0,19.0,27.0,0.8482,2.20%,15966148.4
26,Pierce,27403.0,Bethel School District,5372.0,Acceleration Academy,R,12th Grade,184,79,0,105,6,6,19,26,3,8,116,7,0,0,8,70,0,0,51,6,24,177,184,184,176,114,184,158.0,13.0,,3.0,19.0,51.0,84.0,87.0,4.0,10.0,73.0,0.046,<1%,563368.4
27,Pierce,27403.0,Bethel School District,2807.0,Bethel High School,P,12th Grade,405,200,0,205,5,17,27,65,17,34,240,7,0,37,14,157,0,26,16,4,51,398,404,368,391,248,405,393.0,59.0,4.0,1.0,4.0,15.0,68.0,384.0,352.0,8.0,24.0,0.9167,4.90%,21157775.7
28,Pierce,27403.0,Bethel School District,1510.0,Challenger High School,A,12th Grade,148,77,0,71,1,2,12,36,4,16,77,2,0,0,29,101,0,1,27,11,26,146,147,148,119,47,148,122.0,12.0,,1.0,1.0,15.0,14.0,120.0,82.0,21.0,17.0,0.6833,2.30%,4397801.0
29,Pierce,27403.0,Bethel School District,5033.0,Graham Kapowsin High School,P,12th Grade,425,206,0,219,3,13,30,71,4,51,253,16,0,36,16,141,0,24,20,18,51,409,423,389,409,284,425,435.0,70.0,1.0,3.0,10.0,19.0,72.0,433.0,379.0,21.0,33.0,0.8753,3.30%,22450848.6
30,Pierce,27403.0,Bethel School District,4158.0,Spanaway Lake High School,P,12th Grade,324,167,0,157,4,28,49,56,19,36,132,13,0,10,9,160,0,9,20,8,51,311,323,314,315,164,324,339.0,64.0,3.0,1.0,6.0,12.0,91.0,312.0,276.0,14.0,22.0,0.8846,3.50%,19608030.3
31,Whatcom,37503.0,Blaine School District,3136.0,Blaine High School,P,12th Grade,162,67,0,95,1,4,0,24,3,11,119,3,0,15,3,63,0,2,9,12,23,159,160,147,159,99,162,140.0,39.0,1.0,5.0,6.0,4.0,40.0,139.0,118.0,5.0,16.0,0.8489,<2%,9782898.7
32,Kitsap,18100.0,Bremerton School District,3109.0,Bremerton High School,P,12th Grade,262,123,0,139,1,22,8,50,7,37,137,10,0,4,13,146,1,16,20,13,34,252,262,258,249,116,261,248.0,60.0,2.0,4.0,10.0,24.0,33.0,275.0,217.0,18.0,40.0,0.7891,4.20%,18068931.8
33,Kitsap,18100.0,Bremerton School District,1737.0,Renaissance Alternative High School,A,12th Grade,37,22,0,15,1,0,1,6,2,11,16,0,0,0,9,22,0,2,12,4,4,37,35,37,28,15,37,47.0,2.0,,2.0,5.0,10.0,2.0,47.0,18.0,12.0,17.0,0.383,<5%,2050084.3
34,Douglas,9075.0,Bridgeport School District,2788.0,Bridgeport High School,P,12th Grade,62,18,0,44,0,0,0,60,0,0,2,24,0,2,5,58,9,0,4,2,12,38,62,60,57,4,53,53.0,8.0,1.0,1.0,,1.0,3.0,58.0,53.0,2.0,3.0,0.9138,<5%,3995276.5
35,Skagit,29100.0,Burlington-Edison School District,1928.0,Burlington-Edison Alternative School,A,12th Grade,29,17,0,12,1,0,1,16,0,0,11,5,0,0,6,18,3,0,5,1,0,24,28,29,23,11,26,24.0,3.0,,2.0,2.0,4.0,2.0,25.0,15.0,2.0,8.0,0.6,<8%,1029873.4
36,Skagit,29100.0,Burlington-Edison School District,2362.0,Burlington Edison High School,P,12th Grade,251,126,0,125,1,5,5,88,0,6,146,31,0,43,11,104,4,0,12,5,42,220,250,208,240,147,247,256.0,33.0,2.0,4.0,6.0,14.0,30.0,259.0,228.0,5.0,26.0,0.8803,2.80%,16082247.5
37,Clark,6117.0,Camas School District,4567.0,Camas High School,P,12th Grade,567,294,0,273,0,54,5,43,1,37,427,2,0,2,10,63,0,1,14,39,60,565,567,565,557,504,567,533.0,63.0,2.0,3.0,2.0,13.0,57.0,539.0,501.0,18.0,20.0,0.9295,<1%,25212612.2
38,Clark,6117.0,Camas School District,5104.0,Hayes Freedom High School,P,12th Grade,46,20,0,26,0,1,0,4,0,3,38,0,0,0,3,21,0,0,7,7,7,46,46,46,43,25,46,43.0,12.0,,1.0,1.0,4.0,12.0,43.0,32.0,5.0,6.0,0.7442,<6%,2235574.7
39,Chelan,4228.0,Cascade School District,3564.0,Cascade High School,P,12th Grade,94,47,0,47,1,1,1,28,0,0,63,2,0,0,5,44,6,0,4,5,9,92,94,94,89,50,88,93.0,21.0,,1.0,,7.0,20.0,94.0,83.0,3.0,8.0,0.883,3.80%,5883500.0
40,Chelan,4222.0,CASHMERE SCHOOL DISTRICT,3268.0,CASHMERE HIGH SCHOOL,P,12th Grade,117,62,0,55,0,0,0,41,0,3,73,6,0,0,2,50,7,0,9,2,7,111,116,117,115,67,110,115.0,9.0,,,2.0,4.0,12.0,112.0,105.0,1.0,6.0,0.9375,<3%,6037801.1
41,Cowlitz,8401.0,Castle Rock School District,2281.0,Castle Rock High School,P,12th Grade,110,56,0,54,1,1,0,14,0,6,88,5,0,0,3,55,0,6,5,11,14,105,110,110,107,55,110,101.0,14.0,1.0,,1.0,6.0,10.0,105.0,87.0,10.0,8.0,0.8286,3.40%,5495099.0
42,Kitsap,18401.0,Central Kitsap School District,5472.0,Barker Creek Community School,A,12th Grade,136,54,0,82,0,0,3,17,1,21,94,0,0,3,0,59,0,12,36,15,21,136,135,133,136,77,136,102.0,20.0,,,,16.0,13.0,109.0,70.0,23.0,16.0,0.6422,2.60%,5540494.8
43,Kitsap,18401.0,Central Kitsap School District,2615.0,Central Kitsap High School,P,12th Grade,353,174,0,179,0,40,14,52,3,58,186,2,0,0,1,91,0,65,11,13,43,351,353,353,352,262,353,320.0,88.0,,,3.0,5.0,84.0,324.0,297.0,19.0,8.0,0.9167,1.60%,20191104.6
44,Kitsap,18401.0,Central Kitsap School District,4509.0,Klahowya Secondary,P,12th Grade,160,82,0,78,0,3,0,17,0,17,123,2,0,0,0,45,0,11,4,7,20,158,158,160,160,115,160,146.0,24.0,1.0,3.0,1.0,2.0,22.0,148.0,135.0,6.0,7.0,0.9122,<2%,16258616.5
45,Kitsap,18401.0,Central Kitsap School District,4100.0,Olympic High School,P,12th Grade,281,127,0,154,1,27,10,46,5,58,134,8,0,0,0,124,0,19,7,16,33,273,280,281,281,157,281,280.0,28.0,1.0,1.0,2.0,6.0,37.0,271.0,245.0,16.0,10.0,0.9041,<1%,17141436.2
46,Spokane,32356.0,Central Valley School District,3065.0,Central Valley High School,P,12th Grade,541,249,0,292,3,20,4,2,8,30,474,19,0,7,7,145,0,3,16,26,31,522,540,534,534,396,541,477.0,89.0,6.0,13.0,11.0,6.0,24.0,542.0,455.0,51.0,36.0,0.8395,4.50%,25819308.2
47,Spokane,32356.0,Central Valley School District,5328.0,CVSD Open Doors Programs,R,12th Grade,68,29,0,39,2,1,0,0,0,4,61,2,0,0,4,25,0,0,27,2,4,66,67,68,64,43,68,37.0,7.0,,1.0,8.0,12.0,1.0,43.0,6.0,16.0,21.0,0.1395,<3%,147632.4
48,Spokane,32356.0,Central Valley School District,3918.0,Mica Peak High School,A,12th Grade,65,27,0,38,2,1,2,0,0,3,57,0,0,4,6,30,0,0,14,0,14,65,65,61,59,35,65,64.0,6.0,3.0,,,7.0,2.0,68.0,44.0,14.0,10.0,0.6471,<4%,3789455.4
49,Spokane,32356.0,Central Valley School District,3415.0,University High School,P,12th Grade,418,194,0,224,9,6,10,4,3,27,359,2,0,103,22,175,0,0,8,0,58,416,413,315,396,243,418,406.0,49.0,3.0,3.0,3.0,13.0,23.0,432.0,392.0,18.0,22.0,0.9074,6.80%,24393868.1
50,Lewis,21401.0,Centralia School District,2166.0,Centralia High School,P,12th Grade,244,124,0,120,3,1,6,72,0,5,157,11,0,8,17,143,3,4,23,9,36,233,241,236,227,101,241,217.0,36.0,1.0,1.0,5.0,10.0,49.0,204.0,178.0,9.0,17.0,0.8725,7.10%,15309432.1
51,Lewis,21401.0,Centralia School District,5359.0,Futurus High School,A,12th Grade,28,17,0,11,0,0,2,10,0,2,13,0,0,0,7,22,1,0,9,0,2,28,28,28,21,6,27,25.0,2.0,,1.0,3.0,3.0,6.0,21.0,7.0,7.0,7.0,0.3333,<6%,679222.4
52,Lewis,21302.0,Chehalis School District,5369.0,Lewis County Alternative School,A,12th Grade,27,13,0,14,0,0,0,9,0,1,17,2,0,0,1,17,2,0,10,0,5,25,27,27,26,10,25,24.0,6.0,,1.0,2.0,10.0,2.0,28.0,11.0,4.0,13.0,0.3929,<6%,389792.4
53,Lewis,21302.0,Chehalis School District,2799.0,W F West High School,P,12th Grade,231,118,0,113,0,6,1,34,0,12,178,4,0,12,16,82,3,2,9,13,36,227,228,219,215,149,228,205.0,19.0,,3.0,,2.0,28.0,196.0,186.0,5.0,5.0,0.949,<1%,12500014.9
54,Spokane,32360.0,Cheney School District,3610.0,Cheney High School,P,12th Grade,278,131,0,147,1,8,1,24,3,16,225,4,0,38,7,117,0,7,14,6,25,274,276,240,271,161,278,286.0,41.0,1.0,3.0,5.0,6.0,55.0,272.0,242.0,15.0,15.0,0.8897,3.40%,15613195.2
55,Spokane,32360.0,Cheney School District,5396.0,Cheney Open Doors,R,12th Grade,8,6,0,2,1,0,0,1,0,0,6,0,0,0,0,4,0,0,4,0,0,8,8,8,8,4,8,17.0,,,,4.0,7.0,0.0,17.0,2.0,4.0,11.0,0.1176,<10%,26487.7
56,Spokane,32360.0,Cheney School District,1769.0,Three Springs High School,A,12th Grade,11,7,0,4,0,0,0,1,0,0,10,0,0,2,3,7,0,0,2,2,0,11,11,9,8,4,11,15.0,2.0,1.0,1.0,2.0,3.0,2.0,15.0,6.0,2.0,7.0,0.4,<10%,706439.7
57,Stevens,33036.0,Chewelah School District,1763.0,Quartzite Learning,A,12th Grade,16,7,1,8,0,0,0,0,0,1,15,0,0,0,2,8,0,0,4,0,0,16,16,16,14,8,16,21.0,6.0,,,1.0,1.0,2.0,25.0,14.0,9.0,2.0,0.56,<10%,1057568.0
58,Pierce,27901.0,Chief Leschi Schools,5549.0,Chief Leschi Schools,Q,12th Grade,43,21,0,22,37,0,1,3,0,1,1,0,0,0,0,0,0,0,6,2,9,43,43,43,43,43,43,33.0,4.0,,,,7.0,3.0,34.0,24.0,3.0,7.0,0.7059,<7%,5982052.4
59,Jefferson,16049.0,Chimacum School District,3275.0,Chimacum Junior/Senior High School,P,12th Grade,75,46,0,29,1,2,2,5,0,6,59,3,0,9,1,25,0,1,4,6,9,72,75,66,74,50,75,77.0,12.0,,,3.0,2.0,11.0,78.0,71.0,2.0,5.0,0.9103,7.20%,4018224.5
60,Asotin,2250.0,Clarkston School District,2299.0,Charles Francis Adams High School,P,12th Grade,159,82,0,77,2,2,6,15,1,6,127,3,0,11,11,58,0,1,10,10,18,156,157,148,148,101,159,149.0,36.0,,2.0,3.0,6.0,29.0,156.0,142.0,3.0,11.0,0.9103,<2%,10099030.5
61,Asotin,2250.0,Clarkston School District,1617.0,Educational Opportunity Center,A,12th Grade,42,19,0,23,1,1,2,2,0,0,36,0,0,0,1,24,0,0,18,0,8,42,42,42,41,18,42,27.0,9.0,,1.0,2.0,9.0,4.0,32.0,14.0,6.0,12.0,0.4375,<4%,1142247.0
62,Asotin,2250.0,Clarkston School District,3616.0,Special Services,S,12th Grade,1,0,0,1,0,0,0,0,0,0,1,0,0,0,0,1,0,0,0,0,1,1,1,1,1,0,1,1.0,,,,,,1.0,0.0,0.0,0.0,0.0,,Suppressed: N<10,147373.2
63,Kittitas,19404.0,Cle Elum-Roslyn School District,2329.0,Cle Elum Roslyn High School,P,12th Grade,52,22,0,30,0,2,0,5,0,1,44,0,0,0,1,11,0,0,3,1,7,52,51,52,51,41,52,55.0,5.0,1.0,1.0,,1.0,10.0,50.0,46.0,1.0,3.0,0.92,<6%,3528355.3
64,Kittitas,19404.0,Cle Elum-Roslyn School District,1987.0,Swiftwater Alternative High School,A,12th Grade,18,10,0,8,0,0,0,1,0,1,16,0,0,0,3,13,0,0,6,0,2,18,16,18,15,5,18,10.0,,,,,2.0,0.0,10.0,8.0,0.0,2.0,0.8,<10%,379643.6
65,Pierce,27400.0,Clover Park School District,2425.0,Clover Park High School,P,12th Grade,265,150,0,115,1,20,45,98,29,29,43,31,0,0,9,206,0,17,24,1,34,234,264,265,256,59,265,282.0,94.0,8.0,9.0,21.0,13.0,76.0,300.0,222.0,27.0,51.0,0.74,4.40%,19572739.7
66,Pierce,27400.0,Clover Park School District,5411.0,CPSD Open Doors Program,R,12th Grade,80,38,0,42,1,1,10,33,3,11,21,10,0,1,3,58,0,8,37,2,6,70,80,79,77,22,80,100.0,34.0,,2.0,14.0,40.0,8.0,126.0,8.0,62.0,56.0,0.0635,<3%,1871995.5
67,Pierce,27400.0,Clover Park School District,3456.0,Lakes High School,P,12th Grade,263,127,0,136,1,17,32,52,9,37,114,14,0,1,12,117,0,58,15,4,16,249,259,262,251,146,263,326.0,127.0,3.0,3.0,3.0,8.0,173.0,280.0,233.0,30.0,17.0,0.8321,4.30%,19438639.3
68,Pierce,27400.0,Clover Park School District,5298.0,Oakridge Group Home,I,12th Grade,4,0,0,4,0,0,1,1,0,1,1,0,0,0,0,3,0,0,2,0,1,4,4,4,4,1,4,3.0,,,,,,3.0,0.0,0.0,0.0,0.0,,<10%,12228.7
69,Pierce,27400.0,Clover Park School District,5297.0,Transition Day Students,P,12th Grade,1,0,0,1,0,0,0,0,0,0,1,0,0,0,0,0,0,0,0,0,1,1,1,1,1,1,1,1.0,,,,,,1.0,0.0,0.0,0.0,0.0,,Suppressed: N<10,31713.3
70,Whitman,38300.0,Colfax School District,3366.0,Colfax High School,P,12th Grade,40,20,0,20,0,1,0,1,0,4,34,0,0,0,0,14,0,0,0,2,7,40,39,40,40,26,40,48.0,3.0,,2.0,,,9.0,42.0,39.0,1.0,2.0,0.9286,<7%,4234080.2
71,Walla Walla,36250.0,College Place School District,5362.0,College Place High School,P,12th Grade,96,40,0,56,0,0,0,32,1,3,60,9,0,9,2,42,3,1,3,3,7,87,96,87,94,54,93,89.0,19.0,,,,2.0,17.0,91.0,84.0,5.0,2.0,0.9231,<3%,5977096.2
72,Walla Walla,36400.0,Columbia (Walla Walla) School District,4049.0,Columbia High School,P,12th Grade,46,16,0,30,0,0,0,14,0,2,30,1,0,0,0,20,1,0,0,0,9,45,46,46,46,26,45,53.0,11.0,3.0,1.0,4.0,2.0,5.0,59.0,42.0,7.0,10.0,0.7119,<6%,3865673.0
73,Stevens,33115.0,Colville School District,3310.0,Colville Senior High School,P,12th Grade,140,70,0,70,2,1,1,3,0,12,121,1,0,2,1,57,0,4,5,4,20,139,139,138,139,83,140,135.0,19.0,,,1.0,5.0,16.0,138.0,126.0,6.0,6.0,0.913,<2%,7897083.3
74,Stevens,33115.0,Colville School District,1594.0,Panorama School,A,12th Grade,20,9,0,11,0,0,0,3,0,3,14,0,0,0,1,13,0,0,4,0,2,20,20,20,19,7,20,14.0,8.0,,,2.0,5.0,6.0,16.0,8.0,1.0,7.0,0.5,<10%,973136.1
75,Skagit,29011.0,Concrete School District,2810.0,Concrete High School,P,12th Grade,38,13,0,25,0,0,0,4,1,1,32,0,0,0,1,20,0,0,1,1,7,38,38,38,37,18,38,33.0,1.0,,,1.0,5.0,1.0,33.0,25.0,2.0,6.0,0.7576,<8%,4081621.6
76,Skagit,29011.0,Concrete School District,1605.0,Twin Cedars High School,A,12th Grade,6,3,0,3,0,0,0,0,0,0,6,0,0,0,0,5,0,0,3,0,3,6,6,6,6,1,6,8.0,3.0,,1.0,2.0,2.0,1.0,10.0,2.0,3.0,5.0,0.2,<10%,143141.7
77,Island,15204.0,Coupeville School District,2625.0,Coupeville High School,P,12th Grade,66,27,0,39,0,1,1,8,0,8,48,1,0,0,8,23,1,3,2,4,13,65,66,66,58,43,65,64.0,13.0,,,,1.0,12.0,65.0,61.0,3.0,1.0,0.9385,<4%,5300802.8
78,Clallam,5313.0,Crescent School District,3473.0,Crescent School,P,12th Grade,17,6,0,11,0,0,0,0,0,1,16,0,0,0,0,8,0,0,0,1,2,17,17,17,17,9,17,17.0,5.0,1.0,,,2.0,4.0,18.0,15.0,0.0,3.0,0.8333,<10%,3785294.1
79,Ferry,10050.0,Curlew School District,2006.0,Curlew Elem & High School,P,12th Grade,25,8,0,17,1,0,2,3,0,0,19,0,0,0,4,12,0,0,5,0,3,25,24,25,21,13,25,41.0,23.0,,,8.0,23.0,4.0,60.0,15.0,14.0,31.0,0.25,<10%,3213277.6
80,Pend Oreille,26059.0,Cusick School District,2423.0,Cusick Jr Sr High School,P,12th Grade,17,9,0,8,2,0,0,3,0,0,12,0,0,0,2,8,0,0,2,1,3,17,17,17,15,9,17,13.0,6.0,,,,,6.0,13.0,11.0,2.0,0.0,0.8462,<10%,2265521.8
81,Pend Oreille,26059.0,Cusick School District,5538.0,Home Pride,5,12th Grade,3,2,0,1,0,0,0,1,0,0,2,0,0,0,0,0,0,0,0,1,0,3,3,3,3,3,3,2.0,,,,,,2.0,0.0,0.0,0.0,0.0,,Suppressed: N<10,96808.5
82,Snohomish,31330.0,Darrington School District,3188.0,Darrington High School,P,12th Grade,34,12,0,22,4,2,1,1,0,4,22,0,0,1,4,18,0,0,2,5,4,34,34,33,30,16,34,31.0,4.0,,,1.0,3.0,4.0,31.0,25.0,2.0,4.0,0.8065,<9%,2891763.5
83,Lincoln,22207.0,Davenport School District,3173.0,Davenport Senior High School,P,12th Grade,46,28,0,18,1,0,0,2,0,0,43,0,0,0,2,27,0,1,0,1,7,46,46,46,44,19,46,46.0,7.0,,,,,5.0,48.0,45.0,3.0,0.0,0.9375,<7%,4675085.2
84,Columbia,7002.0,Dayton School District,2302.0,Dayton High School,P,12th Grade,28,15,0,13,0,1,0,3,0,0,24,0,0,0,1,10,0,0,2,1,1,28,28,28,27,18,28,29.0,7.0,,,,,5.0,31.0,26.0,5.0,0.0,0.8387,<10%,2621473.8
85,Spokane,32414.0,Deer Park School District,4123.0,Deer Park High School,P,12th Grade,158,74,0,84,5,0,2,8,0,4,139,0,0,8,8,76,0,1,10,10,24,158,155,150,150,82,158,163.0,20.0,,1.0,1.0,8.0,17.0,166.0,151.0,5.0,10.0,0.9096,<2%,8254860.0
86,Spokane,32361.0,East Valley School District (Spokane),3360.0,East Valley High School,P,12th Grade,277,138,0,139,3,1,1,41,0,11,220,6,0,6,12,129,0,0,20,15,56,271,276,271,265,148,277,241.0,44.0,3.0,3.0,8.0,21.0,32.0,253.0,204.0,14.0,35.0,0.8063,6.80%,14691248.4
87,Spokane,32361.0,East Valley School District (Spokane),5432.0,EV Online,A,12th Grade,13,3,0,10,0,0,0,0,1,0,12,0,0,0,0,6,0,1,5,1,0,13,13,13,13,7,13,24.0,4.0,,,3.0,9.0,6.0,22.0,8.0,2.0,12.0,0.3636,<10%,748791.7
88,Spokane,32361.0,East Valley School District (Spokane),5433.0,EV Parent Partnership,5,12th Grade,11,6,0,5,0,0,0,0,0,0,11,0,0,0,0,7,0,0,0,3,1,11,11,11,11,4,11,11.0,6.0,,,,1.0,7.0,10.0,8.0,1.0,1.0,0.8,<10%,1864972.8
89,Yakima,39090.0,East Valley School District (Yakima),2344.0,East Valley High School,P,12th Grade,224,101,0,123,1,2,1,89,0,2,129,12,0,0,8,105,14,0,11,8,30,212,224,224,216,119,210,217.0,20.0,1.0,2.0,5.0,8.0,12.0,225.0,199.0,10.0,16.0,0.8844,5.90%,11206092.3
90,Douglas,9206.0,Eastmont School District,2727.0,Eastmont Senior High,P,12th Grade,523,243,0,280,1,11,4,234,2,12,259,48,0,13,26,276,64,2,35,19,53,475,521,510,497,247,459,451.0,53.0,1.0,5.0,12.0,42.0,20.0,484.0,407.0,17.0,60.0,0.8409,3.30%,18380167.5
91,Pierce,27404.0,Eatonville School District,2206.0,Eatonville High School,P,12th Grade,144,74,0,70,1,0,1,13,0,11,118,0,0,0,8,57,0,2,3,8,14,144,141,144,136,87,144,154.0,15.0,1.0,,2.0,1.0,27.0,142.0,132.0,6.0,4.0,0.9296,<2%,7204173.1
92,Pierce,27404.0,Eatonville School District,5332.0,ESD New Beginnings,R,12th Grade,5,2,0,3,0,0,0,0,0,0,5,0,0,0,0,2,0,0,4,1,0,5,5,5,5,3,5,14.0,2.0,,1.0,2.0,2.0,1.0,15.0,3.0,7.0,5.0,0.2,Suppressed: N<10,71365.9
93,Snohomish,31015.0,Edmonds School District,1519.0,Edmonds eLearning Academy,A,12th Grade,31,15,0,16,0,2,4,5,1,2,17,1,0,0,0,11,0,0,15,4,4,30,31,31,31,20,31,51.0,7.0,3.0,4.0,6.0,20.0,3.0,55.0,10.0,12.0,33.0,0.1818,<6%,2772899.4
94,Snohomish,31015.0,Edmonds School District,1966.0,Edmonds Heights K-12,A,12th Grade,55,31,0,24,0,3,0,1,0,8,43,0,0,0,0,6,0,0,3,6,3,55,55,55,55,49,55,57.0,13.0,,,1.0,2.0,14.0,56.0,43.0,10.0,3.0,0.7679,<5%,6321022.4
95,Snohomish,31015.0,Edmonds School District,3123.0,Edmonds Woodway High School,P,12th Grade,373,190,0,183,1,62,26,58,1,28,197,18,0,62,6,107,0,0,9,35,43,355,372,311,367,266,373,367.0,51.0,1.0,4.0,5.0,10.0,25.0,393.0,346.0,27.0,20.0,0.8804,<1%,22867921.4
96,Snohomish,31015.0,Edmonds School District,3755.0,Lynnwood High School,P,12th Grade,336,165,1,170,0,81,25,85,1,18,126,39,0,1,6,153,1,1,8,20,57,297,336,335,330,183,335,319.0,51.0,,2.0,6.0,23.0,24.0,346.0,281.0,34.0,31.0,0.8121,3.60%,19843749.7
97,Snohomish,31015.0,Edmonds School District,3464.0,Meadowdale High School,P,12th Grade,348,163,0,185,0,60,21,66,4,26,171,30,0,3,7,117,0,2,10,22,19,318,348,345,341,231,348,342.0,50.0,2.0,2.0,6.0,10.0,26.0,366.0,324.0,22.0,20.0,0.8852,1.60%,19816753.5
98,Snohomish,31015.0,Edmonds School District,3303.0,Mountlake Terrace High School,P,12th Grade,313,146,0,167,0,45,12,38,1,35,182,20,0,22,3,92,0,2,12,28,31,293,311,291,310,221,313,298.0,33.0,,3.0,1.0,7.0,20.0,311.0,288.0,12.0,11.0,0.926,2.10%,19167083.0
99,Snohomish,31015.0,Edmonds School District,3854.0,Scriber Lake High School,A,12th Grade,107,43,1,63,0,8,6,21,3,12,57,7,0,0,8,60,0,0,23,9,47,100,107,107,99,47,107,68.0,3.0,,2.0,5.0,16.0,7.0,64.0,25.0,16.0,23.0,0.3906,5.60%,5495243.5
100,Kittitas,19401.0,Ellensburg School District,2996.0,Ellensburg High School,P,12th Grade,244,128,0,116,0,3,0,36,2,9,194,15,0,9,1,84,1,1,6,10,30,229,244,235,243,160,243,238.0,29.0,1.0,1.0,2.0,5.0,27.0,240.0,225.0,6.0,9.0,0.9375,4.00%,12703442.7
101,Kittitas,19401.0,Ellensburg School District,5097.0,K-12 Ellensburg Learning Center,A,12th Grade,15,8,0,7,0,0,0,4,0,1,10,1,0,0,0,11,1,0,4,1,1,14,15,15,15,4,14,14.0,,,,,1.0,2.0,12.0,7.0,4.0,1.0,0.5833,<10%,469213.3
102,Grays Harbor,14068.0,Elma School District,2137.0,Elma High School,P,12th Grade,97,46,0,51,1,0,0,14,0,10,72,2,0,5,1,72,1,0,6,8,20,95,97,92,96,25,96,86.0,11.0,,2.0,1.0,2.0,12.0,85.0,75.0,5.0,5.0,0.8824,4.00%,7926487.9
103,Chelan,4127.0,Entiat School District,3317.0,Entiat Middle and High School,P,12th Grade,26,9,0,17,0,2,0,8,1,2,13,3,0,0,0,17,0,0,1,0,4,23,26,26,26,9,26,21.0,2.0,,,,4.0,1.0,22.0,18.0,0.0,4.0,0.8182,<10%,2697459.4
104,King,17216.0,Enumclaw School District,3330.0,Enumclaw Sr High School,P,12th Grade,344,165,0,179,2,1,2,49,0,16,274,7,0,0,6,88,1,1,17,16,47,337,344,344,338,256,343,337.0,22.0,4.0,9.0,7.0,23.0,15.0,344.0,288.0,13.0,43.0,0.8372,1.70%,16737527.5
105,Grant,13165.0,Ephrata School District,2920.0,Ephrata High School,P,12th Grade,198,95,0,103,0,1,0,63,0,1,133,14,0,10,13,109,7,0,14,10,14,184,197,188,185,89,191,192.0,27.0,,1.0,2.0,3.0,30.0,189.0,180.0,3.0,6.0,0.9524,3.80%,9972367.3
106,Snohomish,31002.0,Everett School District,3407.0,Cascade High School,P,12th Grade,444,195,0,249,4,72,17,83,8,21,239,36,0,18,17,110,1,0,17,34,72,408,444,426,427,334,443,397.0,46.0,,2.0,2.0,6.0,40.0,403.0,382.0,11.0,10.0,0.9479,3.20%,23698669.1
107,Snohomish,31002.0,Everett School District,2126.0,Everett High School,P,12th Grade,341,171,0,170,2,31,14,62,8,16,208,31,0,9,26,64,1,0,31,21,61,310,339,332,315,277,340,305.0,46.0,1.0,1.0,1.0,2.0,58.0,293.0,287.0,1.0,5.0,0.9795,2.20%,20569874.8
108,Snohomish,31002.0,Everett School District,5330.0,Everett Reengagement Academy,R,12th Grade,60,28,0,32,0,4,3,15,0,4,34,2,0,0,6,28,0,0,20,4,9,58,60,60,54,32,60,82.0,8.0,,1.0,9.0,15.0,0.0,90.0,27.0,38.0,25.0,0.3,<2%,222260.8
109,Snohomish,31002.0,Everett School District,4438.0,Henry M. Jackson High School,P,12th Grade,544,276,0,268,3,124,21,63,0,37,296,25,0,50,14,50,0,0,16,60,46,519,543,494,530,494,544,525.0,44.0,,,1.0,,49.0,520.0,514.0,5.0,1.0,0.9885,2.00%,28484795.1
110,Snohomish,31002.0,Everett School District,1907.0,Port Gardner,A,12th Grade,14,6,0,8,0,0,0,2,0,0,12,1,0,0,0,1,0,0,1,0,0,13,14,14,14,13,14,4.0,12.0,,,,,16.0,0.0,0.0,0.0,0.0,,<10%,1154050.0
111,Snohomish,31002.0,Everett School District,4137.0,Sequoia High School,A,12th Grade,75,45,0,30,0,3,4,20,1,9,38,5,0,0,18,34,2,0,18,2,12,70,74,75,57,41,73,68.0,11.0,,2.0,6.0,7.0,8.0,71.0,52.0,4.0,15.0,0.7324,5.20%,5879560.3
112,Clark,6114.0,Evergreen School District (Clark),2724.0,Evergreen High School,P,12th Grade,438,233,1,204,3,23,9,102,14,33,254,33,0,19,33,245,0,0,25,21,63,405,436,419,405,193,438,395.0,104.0,,3.0,10.0,18.0,81.0,418.0,363.0,24.0,31.0,0.8684,4.20%,21960201.0
113,Clark,6114.0,Evergreen School District (Clark),4523.0,Heritage High School,P,12th Grade,468,242,1,225,5,19,11,114,14,18,287,35,0,14,32,258,0,1,23,21,65,433,465,454,436,210,468,433.0,62.0,1.0,2.0,7.0,35.0,48.0,447.0,394.0,8.0,45.0,0.8814,3.30%,21147533.4
114,Clark,6114.0,Evergreen School District (Clark),4042.0,Legacy High School,A,12th Grade,84,43,0,41,1,1,3,16,1,4,58,3,0,0,13,44,0,0,19,9,16,81,84,84,71,40,84,81.0,9.0,,1.0,12.0,7.0,2.0,88.0,61.0,7.0,20.0,0.6932,2.40%,4530610.4
115,Clark,6114.0,Evergreen School District (Clark),4162.0,Mountain View High School,P,12th Grade,509,233,0,276,5,43,19,133,4,44,261,35,0,39,15,206,3,1,13,21,61,474,508,470,494,303,506,460.0,105.0,,3.0,2.0,6.0,76.0,489.0,471.0,7.0,11.0,0.9632,1.90%,21623688.2
116,Clark,6114.0,Evergreen School District (Clark),5111.0,Union High School,P,12th Grade,503,249,0,254,0,55,15,71,5,31,326,13,0,43,10,134,0,1,10,15,61,490,502,460,493,369,503,478.0,72.0,,,1.0,6.0,59.0,491.0,471.0,13.0,7.0,0.9593,2.10%,23705804.1
117,King,17210.0,Federal Way School District,5163.0,Career Academy at Truman High School,A,12th Grade,30,17,0,13,0,1,4,10,3,3,9,2,0,0,3,22,0,0,6,0,3,28,30,30,27,8,30,31.0,6.0,,,3.0,2.0,3.0,34.0,17.0,12.0,5.0,0.5,12.80%,2017289.7
118,King,17210.0,Federal Way School District,3766.0,Decatur High School,P,12th Grade,339,160,0,179,1,38,47,81,17,32,123,30,0,26,7,173,1,4,20,20,48,309,339,313,332,166,338,339.0,46.0,4.0,2.0,2.0,12.0,63.0,322.0,289.0,13.0,20.0,0.8975,1.40%,18536814.0
119,King,17210.0,Federal Way School District,2417.0,Federal Way High School,P,12th Grade,372,196,0,176,2,44,77,118,31,28,72,43,0,25,8,231,1,5,11,3,49,329,370,347,364,141,371,362.0,48.0,1.0,5.0,13.0,20.0,29.0,381.0,333.0,9.0,39.0,0.8740000000000001,7.10%,22258224.1
120,King,17210.0,Federal Way School District,1759.0,Internet Academy,5,12th Grade,60,33,0,27,1,2,3,13,1,5,35,0,0,0,1,17,0,0,17,0,1,60,60,60,59,43,60,59.0,14.0,2.0,6.0,5.0,12.0,23.0,50.0,21.0,4.0,25.0,0.42,<3%,4380071.5
121,King,17210.0,Federal Way School District,5348.0,Open Doors Youth Reengagement (1418),R,12th Grade,258,129,0,129,4,9,57,87,17,29,55,38,0,0,22,152,0,1,75,9,39,220,257,258,236,106,258,114.0,19.0,,,14.0,33.0,8.0,125.0,22.0,56.0,47.0,0.17600000000000002,1.00%,3310022.5
122,King,17210.0,Federal Way School District,3584.0,Thomas Jefferson High School,P,12th Grade,455,229,0,226,0,99,66,116,11,43,120,62,0,55,9,247,0,2,7,6,46,393,452,400,446,208,455,410.0,88.0,10.0,2.0,,21.0,44.0,454.0,411.0,10.0,33.0,0.9053,3.20%,22472058.0
123,King,17210.0,Federal Way School District,4570.0,Todd Beamer High School,P,12th Grade,372,191,0,181,2,65,47,82,16,39,121,38,0,17,7,191,0,2,14,18,49,334,371,355,365,181,372,347.0,65.0,3.0,4.0,11.0,7.0,47.0,365.0,323.0,17.0,25.0,0.8849,6.00%,20154022.6
124,Whatcom,37502.0,Ferndale School District,2488.0,Ferndale High School,P,12th Grade,380,192,0,188,20,20,0,72,0,24,244,11,0,201,7,144,6,4,16,13,57,369,379,179,373,236,374,336.0,60.0,3.0,12.0,5.0,20.0,46.0,350.0,295.0,15.0,40.0,0.8429,<1%,19697202.0
125,Pierce,27417.0,Fife School District,2773.0,Fife High School,P,12th Grade,275,128,0,147,2,22,13,55,16,28,139,26,0,22,10,125,0,0,12,7,32,249,275,253,265,150,275,246.0,36.0,,1.0,2.0,2.0,26.0,256.0,241.0,10.0,5.0,0.9414,3.40%,11608828.9
126,Benton,3053.0,Finley School District,2367.0,River View High School,P,12th Grade,81,28,0,53,0,0,0,39,0,2,40,10,0,2,2,65,5,0,9,0,14,71,81,79,79,16,76,69.0,10.0,,1.0,3.0,8.0,14.0,65.0,51.0,2.0,12.0,0.7846,6.70%,4202154.1
127,Pierce,27402.0,Franklin Pierce School District,2876.0,Franklin Pierce High School,P,12th Grade,247,117,0,130,0,22,16,53,12,22,122,13,0,113,6,148,0,1,10,8,31,234,246,134,241,99,247,239.0,34.0,,3.0,1.0,6.0,29.0,244.0,227.0,7.0,10.0,0.9303,5.70%,18230034.1
128,Pierce,27402.0,Franklin Pierce School District,4063.0,Gates Secondary School,A,12th Grade,61,31,0,30,0,0,5,13,8,11,24,2,0,0,10,53,0,3,19,6,4,59,60,61,51,8,61,65.0,13.0,,,4.0,4.0,3.0,75.0,59.0,8.0,8.0,0.7867,5.00%,3232801.7
129,Pierce,27402.0,Franklin Pierce School District,3648.0,Washington High School,P,12th Grade,235,120,0,115,4,9,25,61,27,24,85,11,0,111,14,191,0,4,13,7,35,224,234,124,221,44,235,237.0,43.0,1.0,2.0,2.0,8.0,43.0,237.0,207.0,17.0,13.0,0.8734,4.80%,15449552.3
130,Whitman,38302.0,Garfield School District,1962.0,Garfield at Palouse High School,P,12th Grade,10,4,0,6,0,0,0,2,0,0,8,0,0,0,0,2,0,0,0,2,1,10,10,10,10,8,10,10.0,1.0,,,,1.0,1.0,10.0,9.0,0.0,1.0,0.9,<10%,153215.5
131,Klickitat,20404.0,Goldendale School District,2856.0,Goldendale High School,P,12th Grade,65,30,0,35,4,0,1,10,0,1,49,1,0,6,2,32,3,0,4,7,6,64,65,59,63,33,62,67.0,25.0,1.0,,1.0,4.0,24.0,68.0,60.0,2.0,6.0,0.8824,<4%,4544420.6
132,Grant,13301.0,Grand Coulee Dam School District,5336.0,Lake Roosevelt Alternative School,A,12th Grade,11,4,0,7,7,0,0,0,0,1,3,0,0,0,2,7,0,0,6,0,2,11,11,11,9,4,11,14.0,5.0,,,,3.0,1.0,18.0,6.0,9.0,3.0,0.3333,<10%,293456.1
133,Yakima,39200.0,Grandview School District,1776.0,Contract Learning Center,A,12th Grade,6,4,0,2,0,0,0,3,0,0,3,1,0,0,4,4,0,0,2,0,0,5,6,6,2,2,6,14.0,1.0,,,1.0,3.0,1.0,14.0,2.0,8.0,4.0,0.1429,<10%,665308.3
134,Yakima,39200.0,Grandview School District,2555.0,Grandview High School,P,12th Grade,193,100,0,93,0,1,1,172,0,0,19,26,0,0,7,155,20,0,8,4,14,167,192,193,186,38,173,209.0,7.0,,4.0,,6.0,19.0,197.0,178.0,9.0,10.0,0.9036,2.00%,11980981.9
135,Yakima,39204.0,Granger School District,3314.0,Granger High School,P,12th Grade,108,54,0,54,2,0,0,101,0,0,5,23,0,2,6,87,29,0,4,0,12,85,108,106,102,21,79,109.0,10.0,1.0,6.0,5.0,2.0,6.0,113.0,92.0,7.0,14.0,0.8142,5.50%,6621263.6
136,Snohomish,31332.0,Granite Falls School District,5171.0,Crossroads High School,A,12th Grade,72,32,0,40,0,0,0,14,2,4,52,4,0,1,27,45,0,0,4,9,17,68,69,71,45,27,72,65.0,8.0,,,,8.0,4.0,69.0,34.0,27.0,8.0,0.4928,<3%,2633504.7
137,Snohomish,31332.0,Granite Falls School District,2580.0,Granite Falls High School,P,12th Grade,117,59,0,58,0,0,2,11,0,8,96,2,0,6,13,38,0,1,10,2,16,115,117,111,104,79,117,108.0,10.0,,2.0,1.0,5.0,11.0,107.0,95.0,4.0,8.0,0.8879,6.20%,7705492.0
138,Yakima,39203.0,Highland School District,4559.0,Highland High School,P,12th Grade,94,46,0,48,1,0,0,62,0,1,30,10,0,5,5,69,7,1,1,3,7,84,92,89,89,25,87,97.0,8.0,,,3.0,3.0,11.0,94.0,80.0,8.0,6.0,0.8511,<3%,4723855.4
139,King,17401.0,Highline School District,3099.0,Evergreen High School,P,12th Grade,247,123,0,124,2,67,33,96,8,15,26,61,0,1,18,178,2,0,14,4,64,186,246,246,229,69,245,183.0,37.0,,,6.0,4.0,11.0,209.0,174.0,25.0,10.0,0.8325,3.80%,14110709.7
140,King,17401.0,Highline School District,2325.0,Highline High School,P,12th Grade,298,144,0,154,4,61,15,132,10,21,55,53,0,28,12,192,0,0,31,11,40,245,296,270,286,106,298,254.0,48.0,4.0,9.0,6.0,9.0,30.0,272.0,222.0,22.0,28.0,0.8162,2.50%,15495513.8
141,King,17401.0,Highline School District,5370.0,Highline Open Doors 1418,R,12th Grade,287,152,0,135,4,19,44,121,5,23,71,53,0,1,7,97,0,0,80,13,23,234,283,286,280,190,287,160.0,43.0,1.0,4.0,20.0,103.0,6.0,197.0,18.0,51.0,128.0,0.0914,<1%,5731980.8
142,King,17401.0,Highline School District,3279.0,Mount Rainier High School,P,12th Grade,403,198,0,205,2,64,53,103,13,29,139,40,0,24,17,220,0,0,27,21,56,363,402,379,386,183,403,345.0,54.0,,4.0,5.0,4.0,35.0,364.0,320.0,31.0,13.0,0.8791,<1%,20816380.1
143,King,17401.0,Highline School District,1972.0,New Start,A,12th Grade,58,24,0,34,1,3,9,29,4,3,9,15,0,0,6,45,0,0,16,2,14,43,57,58,52,13,58,34.0,3.0,,2.0,2.0,8.0,1.0,36.0,14.0,10.0,12.0,0.3889,12.10%,3300652.7
144,King,17401.0,Highline School District,3483.0,Tyee High School,P,12th Grade,254,123,0,131,3,38,48,109,14,9,33,74,0,1,29,193,1,0,32,4,47,180,254,253,225,61,253,160.0,49.0,,,8.0,11.0,7.0,202.0,163.0,20.0,19.0,0.8069,<1%,14109657.9
145,Clark,6098.0,Hockinson School District,4568.0,Hockinson High School,P,12th Grade,152,66,0,86,1,2,0,8,0,1,140,1,0,19,1,21,0,2,2,6,6,151,152,133,151,131,152,149.0,16.0,,,1.0,5.0,16.0,149.0,141.0,2.0,6.0,0.9463,<2%,7564511.9
146,Grays Harbor,14028.0,Hoquiam School District,3622.0,Hoquiam High School,P,12th Grade,112,51,0,61,6,2,1,16,0,3,84,0,0,5,12,57,0,0,7,5,14,112,112,107,100,55,112,101.0,16.0,,,2.0,3.0,11.0,106.0,93.0,8.0,5.0,0.8774,5.00%,7385948.2
147,Ferry,10070.0,Inchelium School District,2603.0,Inchelium High School,P,12th Grade,17,8,0,9,14,1,0,0,0,2,0,4,0,0,0,13,0,0,4,1,3,13,17,17,17,4,17,18.0,,,1.0,,2.0,1.0,17.0,10.0,4.0,3.0,0.5882,<10%,1798514.6
148,King,17411.0,Issaquah School District,5437.0,Gibson Ek High School,P,12th Grade,18,9,0,9,1,4,0,0,0,1,12,0,0,0,0,0,0,0,1,2,4,18,18,18,18,18,18,22.0,,,1.0,,1.0,1.0,21.0,16.0,3.0,2.0,0.7619,<10%,3139400.0
149,King,17411.0,Issaquah School District,3385.0,Issaquah High School,P,12th Grade,599,279,0,320,3,154,10,45,3,32,352,18,0,14,3,51,0,3,9,59,49,581,599,585,596,548,599,563.0,80.0,6.0,4.0,6.0,18.0,61.0,582.0,533.0,15.0,34.0,0.9158,1.50%,30322946.0
150,King,17411.0,Issaquah School District,3962.0,Liberty Sr High School,P,12th Grade,328,152,0,176,0,66,5,40,0,12,205,8,0,11,2,27,0,2,6,31,35,320,328,317,326,301,328,305.0,33.0,4.0,3.0,8.0,4.0,28.0,310.0,286.0,5.0,19.0,0.9226,1.50%,19330838.5
151,King,17411.0,Issaquah School District,4495.0,Skyline High School,P,12th Grade,516,233,0,283,0,157,13,45,1,21,279,8,0,19,2,21,0,1,8,51,36,508,515,497,514,495,516,502.0,39.0,8.0,1.0,3.0,5.0,41.0,500.0,467.0,16.0,17.0,0.934,<1%,27726462.6
152,Cowlitz,8402.0,Kalama School District,5545.0,Kalama High School,P,12th Grade,79,32,0,47,1,0,3,5,0,4,66,0,0,0,2,25,0,0,6,4,11,79,79,79,77,54,79,65.0,9.0,,,2.0,1.0,5.0,69.0,60.0,6.0,3.0,0.8696,<4%,4691576.2
153,Cowlitz,8458.0,Kelso School District,2266.0,Kelso High School,P,12th Grade,443,206,0,237,10,6,1,66,1,37,322,15,0,25,21,228,2,0,34,18,45,428,442,418,422,215,441,361.0,43.0,,1.0,6.0,24.0,44.0,360.0,329.0,0.0,31.0,0.9139,2.90%,20759906.9
154,Cowlitz,8458.0,Kelso School District,1934.0,Loowit High School,A,12th Grade,13,7,0,6,0,0,0,1,0,0,12,2,0,0,3,9,0,0,4,2,1,11,13,13,10,4,13,10.0,2.0,,,5.0,1.0,1.0,11.0,2.0,3.0,6.0,0.1818,14.30%,53101.0
155,Benton,3017.0,Kennewick School District,3731.0,Kamiakin High School,P,12th Grade,440,207,1,232,2,9,22,130,1,6,270,17,0,0,2,157,43,1,27,12,41,423,440,440,438,283,397,395.0,66.0,,1.0,5.0,7.0,53.0,408.0,348.0,47.0,13.0,0.8529,1.70%,20803469.8
156,Benton,3017.0,Kennewick School District,2826.0,Kennewick High School,P,12th Grade,367,166,0,201,4,11,8,180,1,11,152,47,0,0,11,246,77,0,18,7,40,320,367,367,356,121,290,359.0,45.0,4.0,6.0,10.0,13.0,48.0,356.0,313.0,10.0,33.0,0.8792,5.00%,20768173.5
157,Benton,3017.0,Kennewick School District,1884.0,Legacy High School,A,12th Grade,102,50,0,52,3,1,1,37,1,4,55,3,0,0,6,64,10,0,37,5,4,99,100,102,96,38,92,132.0,22.0,,5.0,33.0,58.0,5.0,149.0,19.0,34.0,96.0,0.1275,2.30%,4850272.9
158,Benton,3017.0,Kennewick School District,1941.0,Mid-Columbia Parent Partnership,A,12th Grade,20,10,0,10,0,0,0,1,0,0,19,0,0,0,0,6,0,0,1,2,1,20,20,20,20,14,20,17.0,2.0,,,1.0,2.0,2.0,17.0,14.0,0.0,3.0,0.8235,<10%,2354549.3
159,Benton,3017.0,Kennewick School District,5106.0,Phoenix High School,A,12th Grade,23,12,1,10,1,0,0,9,0,0,13,3,0,0,3,18,2,0,2,4,4,20,22,23,20,5,21,17.0,1.0,,,,2.0,0.0,18.0,6.0,10.0,2.0,0.3333,25.90%,972648.2
160,Benton,3017.0,Kennewick School District,4484.0,Southridge High School,P,12th Grade,415,200,0,215,1,7,12,135,0,17,243,33,0,0,8,193,51,1,24,9,47,382,414,415,407,222,364,389.0,45.0,1.0,1.0,12.0,16.0,36.0,398.0,337.0,31.0,30.0,0.8467,6.40%,19881427.3
161,King,17415.0,Kent School District,5275.0,Individualized Graduation & Degree Program,R,12th Grade,273,132,0,141,2,18,46,82,12,22,91,23,0,0,6,143,1,1,116,12,28,250,272,273,267,130,272,197.0,20.0,,,29.0,124.0,7.0,210.0,3.0,54.0,153.0,0.0143,<1%,2797102.6
162,King,17415.0,Kent School District,2797.0,Kent-Meridian High School,P,12th Grade,457,237,0,220,0,107,92,131,20,24,83,100,0,16,7,317,2,0,26,11,43,357,457,441,450,140,455,416.0,91.0,10.0,12.0,11.0,32.0,56.0,451.0,350.0,36.0,65.0,0.7761,1.80%,25447575.1
163,King,17415.0,Kent School District,5098.0,Kent Phoenix Academy,A,12th Grade,122,61,0,61,1,8,21,34,4,15,39,3,0,0,8,69,0,0,29,17,15,119,122,122,114,53,122,97.0,9.0,,3.0,3.0,8.0,8.0,98.0,48.0,36.0,14.0,0.4898,5.80%,4199447.2
164,King,17415.0,Kent School District,4492.0,Kentlake High School,P,12th Grade,372,173,0,199,4,37,30,64,5,28,204,30,0,19,4,132,3,0,17,19,38,342,371,353,368,240,369,341.0,41.0,1.0,6.0,3.0,29.0,37.0,345.0,284.0,22.0,39.0,0.8232,3.10%,18208831.1
165,King,17415.0,Kent School District,3640.0,Kentridge High School,P,12th Grade,527,260,0,267,0,162,47,63,11,55,189,31,0,50,5,159,0,1,21,38,38,496,522,477,522,368,527,481.0,55.0,1.0,5.0,6.0,20.0,27.0,509.0,451.0,26.0,32.0,0.8861,1.30%,24919240.9
166,King,17415.0,Kent School District,4128.0,Kentwood High School,P,12th Grade,461,217,0,244,6,117,44,82,9,35,168,20,0,54,9,188,1,1,13,26,38,441,461,407,452,273,460,452.0,51.0,4.0,5.0,3.0,8.0,55.0,448.0,414.0,14.0,20.0,0.9241,1.20%,24073766.4
167,Stevens,33212.0,Kettle Falls School District,5180.0,Columbia Virtual Academy - Kettle Falls,5,12th Grade,57,26,0,31,0,1,0,13,0,3,40,0,0,0,1,21,0,0,14,2,6,57,56,57,56,36,57,70.0,20.0,1.0,,3.0,14.0,42.0,48.0,27.0,3.0,18.0,0.5625,<5%,1929815.0
168,Stevens,33212.0,Kettle Falls School District,4206.0,Kettle Falls High School,P,12th Grade,48,22,0,26,3,0,0,1,0,0,44,0,0,6,5,25,0,1,2,8,7,48,48,42,43,23,48,53.0,9.0,,,1.0,,8.0,54.0,47.0,6.0,1.0,0.8704,10.00%,3911723.1
169,Benton,3052.0,Kiona-Benton City School District,2904.0,Kiona-Benton City High School,P,12th Grade,110,54,0,56,0,0,1,45,0,2,62,18,0,1,7,73,25,0,6,5,18,92,110,109,103,37,85,104.0,19.0,,,6.0,3.0,14.0,109.0,98.0,2.0,9.0,0.8991,<3%,5837320.7
170,Kittitas,19403.0,Kittitas School District,2766.0,Kittitas High School,P,12th Grade,45,22,0,23,0,0,0,10,0,0,35,1,0,0,7,17,2,0,2,0,5,44,45,45,38,28,43,39.0,9.0,,,,1.0,5.0,43.0,38.0,4.0,1.0,0.8837,<6%,5252637.0
171,Clark,6101.0,La Center School District,4431.0,La Center High School,P,12th Grade,132,64,0,68,2,0,1,7,0,3,119,0,0,6,1,19,1,0,7,11,16,132,131,126,131,113,131,133.0,12.0,,1.0,4.0,5.0,10.0,135.0,124.0,1.0,10.0,0.9185,<2%,6837707.4
172,Skagit,29311.0,La Conner School District,2276.0,La Conner High School,P,12th Grade,42,20,0,22,13,1,0,6,0,1,21,1,0,1,0,21,8,2,5,4,5,41,42,41,42,21,34,46.0,4.0,,1.0,2.0,3.0,7.0,43.0,35.0,2.0,6.0,0.8140000000000001,<7%,4502267.2
173,Chelan,4129.0,Lake Chelan School District,4260.0,Chelan High School,P,12th Grade,118,46,0,72,0,0,1,59,0,2,56,8,0,0,6,70,9,1,1,8,7,110,118,118,112,48,109,120.0,5.0,,,,2.0,5.0,120.0,115.0,3.0,2.0,0.9583,3.30%,6591064.8
174,Snohomish,31004.0,Lake Stevens School District,2426.0,Lake Stevens Sr High School,P,12th Grade,686,314,1,371,4,35,12,86,3,48,498,10,0,42,10,160,0,7,17,69,117,676,686,644,676,526,686,650.0,54.0,,,13.0,18.0,60.0,644.0,581.0,32.0,31.0,0.9022,5.00%,24820492.9
175,King,17414.0,Lake Washington School District,4439.0,Eastlake High School,P,12th Grade,423,214,0,209,1,65,7,32,2,27,289,5,0,16,2,17,0,0,12,59,39,418,423,407,421,406,423,429.0,44.0,,1.0,2.0,11.0,61.0,412.0,385.0,13.0,14.0,0.9345,<1%,25582660.1
176,King,17414.0,Lake Washington School District,3855.0,Emerson High School,A,12th Grade,20,9,0,11,0,1,0,4,0,1,14,0,0,0,0,6,0,0,7,4,10,20,20,20,20,14,20,17.0,,,,,2.0,4.0,13.0,8.0,3.0,2.0,0.6154,<10%,1928718.3
177,King,17414.0,Lake Washington School District,1804.0,Futures School,A,12th Grade,29,15,0,14,0,2,2,8,0,1,16,1,0,0,2,8,0,0,0,0,6,28,29,29,27,21,29,38.0,5.0,,,,2.0,3.0,40.0,36.0,2.0,2.0,0.9,<7%,958467.3
178,King,17414.0,Lake Washington School District,3771.0,Juanita High School,P,12th Grade,329,166,0,163,0,65,6,49,2,26,181,11,0,13,5,72,0,0,7,24,34,318,329,316,324,257,329,334.0,37.0,5.0,3.0,3.0,6.0,45.0,326.0,300.0,9.0,17.0,0.9202,<1%,19684433.1
179,King,17414.0,Lake Washington School District,2739.0,Lake Washington High School,P,12th Grade,425,197,0,228,1,52,12,49,0,28,283,16,0,20,3,64,0,1,28,41,40,409,423,405,422,361,425,409.0,50.0,1.0,1.0,3.0,7.0,80.0,379.0,356.0,11.0,12.0,0.9393,<1%,22172239.5
180,King,17414.0,Lake Washington School District,3528.0,Redmond High School,P,12th Grade,464,230,0,234,0,97,14,53,2,43,255,12,0,40,5,54,0,0,9,68,35,452,463,424,459,410,464,451.0,62.0,,2.0,3.0,9.0,50.0,463.0,431.0,18.0,14.0,0.9309,<1%,26031953.2
181,Snohomish,31306.0,Lakewood School District,4204.0,Lakewood High School,P,12th Grade,169,83,0,86,1,3,8,26,1,14,116,2,0,6,12,54,0,3,12,10,17,167,169,163,157,115,169,156.0,31.0,,,8.0,9.0,27.0,160.0,140.0,3.0,17.0,0.875,2.90%,9559830.4
182,Adams,1158.0,Lind School District,2903.0,Lind-Ritzville High School,P,12th Grade,10,5,0,5,0,2,0,3,0,0,5,0,0,0,2,6,1,0,0,1,0,10,10,10,8,4,9,13.0,4.0,,,,1.0,6.0,11.0,9.0,1.0,1.0,0.8182,<10%,908612.7
183,Cowlitz,8122.0,Longview School District,5312.0,Discovery High School,A,12th Grade,65,36,0,29,0,0,1,19,1,5,39,2,0,1,2,46,0,1,14,3,2,63,64,64,63,19,65,58.0,17.0,,1.0,2.0,15.0,6.0,69.0,39.0,12.0,18.0,0.5652,<3%,1465406.6
184,Cowlitz,8122.0,Longview School District,3151.0,Mark Morris High School,P,12th Grade,211,108,0,103,1,7,0,34,0,19,150,7,0,23,13,78,1,1,10,2,27,204,211,188,198,133,210,212.0,25.0,,2.0,3.0,7.0,26.0,211.0,185.0,14.0,12.0,0.8768,5.10%,12691833.6
185,Cowlitz,8122.0,Longview School District,2416.0,R A Long High School,P,12th Grade,215,100,0,115,3,11,1,35,4,8,153,8,0,20,13,107,0,0,9,2,45,207,214,195,202,108,215,198.0,24.0,,1.0,2.0,1.0,23.0,199.0,189.0,6.0,4.0,0.9497,1.30%,11518289.9
186,San Juan,28144.0,Lopez School District,2632.0,Lopez Middle High School,P,12th Grade,11,10,0,1,0,3,0,2,0,0,6,2,0,0,1,2,0,0,0,0,2,9,11,11,10,9,11,14.0,5.0,,1.0,1.0,,5.0,14.0,11.0,1.0,2.0,0.7857,<10%,2076167.6
187,Whatcom,37903.0,Lummi Tribal Agency,5373.0,Lummi Nation School,Q,12th Grade,22,7,0,15,19,0,0,1,0,1,1,0,0,0,2,20,1,0,2,0,9,22,22,22,20,2,21,21.0,2.0,,,,1.0,3.0,20.0,12.0,7.0,1.0,0.6,<10%,5408890.1
188,Klickitat,20406.0,Lyle School District,3111.0,Lyle High School,P,12th Grade,21,10,0,11,1,0,0,4,0,2,14,0,0,0,4,12,1,0,3,0,1,21,21,21,17,9,20,26.0,3.0,,1.0,1.0,5.0,6.0,23.0,15.0,1.0,7.0,0.6522,<10%,1614286.3
189,Whatcom,37504.0,Lynden School District,5466.0,IMPACT Reengagement Program,R,12th Grade,1,0,0,1,0,0,0,0,0,0,1,0,0,0,0,1,0,0,0,0,0,1,1,1,1,0,1,1.0,,,,,,1.0,0.0,0.0,0.0,0.0,,Suppressed: N<10,40043.2
190,Whatcom,37504.0,Lynden School District,4201.0,Lynden High School,P,12th Grade,251,131,0,120,1,3,1,55,1,13,177,10,0,13,6,89,3,0,10,11,29,241,250,238,245,162,248,226.0,34.0,,1.0,4.0,18.0,30.0,230.0,193.0,14.0,23.0,0.8391,2.60%,11208135.3
191,Yakima,39120.0,Mabton School District,5289.0,Mabton Jr. Sr. High,P,12th Grade,51,24,0,27,0,0,0,51,0,0,0,15,0,0,2,48,10,0,1,0,8,36,51,51,49,3,41,50.0,11.0,,2.0,2.0,2.0,6.0,55.0,48.0,1.0,6.0,0.8727,<5%,5511381.9
192,Chelan,4019.0,Manson School District,2623.0,Manson High School,P,12th Grade,47,24,0,23,0,0,0,30,0,0,17,9,0,0,2,37,3,0,0,1,8,38,45,47,45,10,44,46.0,6.0,1.0,,1.0,2.0,2.0,50.0,46.0,0.0,4.0,0.92,<6%,3224972.4
193,Mason,23311.0,Mary M Knight School District,5444.0,Mary M. Knight School,P,12th Grade,11,5,0,6,0,0,0,0,0,0,11,0,0,3,2,7,0,0,0,2,0,11,11,8,9,4,11,10.0,2.0,,,,2.0,1.0,11.0,9.0,0.0,2.0,0.8182,<10%,3447610.7
194,Stevens,33207.0,Mary Walker School District,3311.0,Mary Walker High School,P,12th Grade,39,21,0,18,4,0,0,4,0,4,27,0,0,0,3,27,0,0,4,2,5,39,39,39,36,12,39,40.0,9.0,,2.0,1.0,4.0,7.0,42.0,33.0,2.0,7.0,0.7857,<7%,2624668.1
195,Snohomish,31025.0,Marysville School District,1657.0,Heritage School,P,12th Grade,21,14,0,7,13,0,1,4,0,2,1,5,0,0,3,17,2,0,8,0,7,16,21,21,18,4,19,21.0,4.0,,2.0,4.0,3.0,4.0,21.0,4.0,8.0,9.0,0.1905,11.50%,2308352.6
196,Snohomish,31025.0,Marysville School District,1927.0,Legacy High School,P,12th Grade,95,57,0,38,10,0,2,14,1,9,59,2,0,3,16,43,0,1,14,7,25,93,93,92,79,52,95,89.0,11.0,2.0,1.0,3.0,3.0,9.0,91.0,60.0,22.0,9.0,0.6593,8.00%,4110645.8
197,Snohomish,31025.0,Marysville School District,5478.0,Marysville Getchell High School,P,12th Grade,410,212,0,198,5,36,14,91,2,40,222,23,0,48,8,136,2,2,24,8,39,387,408,362,402,274,408,389.0,35.0,,,9.0,29.0,23.0,401.0,345.0,18.0,38.0,0.8603,1.40%,20908341.5
198,Snohomish,31025.0,Marysville School District,5213.0,Marysville Pilchuck High School,P,12th Grade,270,131,0,139,11,17,5,54,0,27,156,11,0,19,12,114,3,5,15,4,40,259,265,251,258,156,267,291.0,26.0,1.0,7.0,7.0,25.0,24.0,293.0,222.0,31.0,40.0,0.7577,6.40%,18540007.6
199,Spokane,32354.0,Mead School District,1803.0,Mead Alternative High School (Closed after 2018-2019 school year),A,12th Grade,37,18,0,19,0,0,0,1,0,2,34,0,0,0,10,25,0,0,12,3,8,37,37,37,27,12,37,25.0,11.0,,,,3.0,6.0,30.0,20.0,7.0,3.0,0.6667,<6%,1445889.8
200,Spokane,32354.0,Mead School District,2402.0,Mead Senior High School,P,12th Grade,442,220,0,222,2,2,3,24,0,45,366,7,0,35,16,107,0,11,10,10,61,435,436,407,426,335,442,401.0,47.0,,,2.0,3.0,43.0,405.0,381.0,19.0,5.0,0.9407,2.80%,21465276.3
201,Spokane,32354.0,Mead School District,4491.0,Mt Spokane High School,P,12th Grade,385,186,0,199,2,7,3,31,7,26,309,26,0,33,11,114,0,2,10,5,44,359,384,352,374,271,385,351.0,50.0,,,1.0,4.0,36.0,365.0,344.0,16.0,5.0,0.9425,1.50%,20161059.2
202,Spokane,32326.0,Medical Lake School District,5042.0,Medical Lake Endeavors,A,12th Grade,11,3,0,8,1,0,0,0,0,1,9,0,0,0,0,5,0,0,3,0,2,11,11,11,11,6,11,14.0,1.0,,2.0,,1.0,1.0,14.0,6.0,5.0,3.0,0.4286,<10%,616017.8
203,Spokane,32326.0,Medical Lake School District,2890.0,Medical Lake High School,P,12th Grade,130,51,0,79,0,1,4,12,0,8,105,0,0,7,2,32,0,16,4,11,11,130,128,123,128,98,130,136.0,21.0,,1.0,1.0,1.0,27.0,130.0,127.0,0.0,3.0,0.9769,<2%,6925955.6
204,King,17400.0,Mercer Island School District,3029.0,Mercer Island High School,P,12th Grade,402,182,1,219,1,77,6,16,0,22,280,1,0,70,5,23,0,2,3,83,30,401,401,332,397,379,402,398.0,48.0,,4.0,4.0,6.0,35.0,411.0,382.0,15.0,14.0,0.9294,1.50%,21636113.2
205,Whatcom,37505.0,Meridian School District,2554.0,Meridian High School,P,12th Grade,137,71,0,66,1,8,0,23,1,9,95,3,0,8,2,51,2,3,4,11,24,134,136,129,135,86,135,130.0,18.0,,1.0,3.0,8.0,15.0,133.0,114.0,7.0,12.0,0.8571,<2%,6511440.9
206,Snohomish,31103.0,Monroe School District,1806.0,Leaders In Learning,A,12th Grade,31,16,0,15,0,0,1,11,0,2,17,2,0,0,9,23,0,0,9,3,11,29,31,31,22,8,31,33.0,3.0,,,3.0,4.0,4.0,32.0,15.0,10.0,7.0,0.4688,10.20%,1262720.8
207,Snohomish,31103.0,Monroe School District,4528.0,Monroe High School,P,12th Grade,403,202,0,201,1,10,4,87,1,15,285,20,0,0,8,121,1,0,12,27,63,383,403,403,395,282,402,383.0,40.0,1.0,3.0,9.0,11.0,44.0,379.0,325.0,30.0,24.0,0.8575,3.10%,22437881.5
208,Snohomish,31103.0,Monroe School District,1777.0,Sky Valley Education Center,5,12th Grade,70,43,0,27,1,1,0,3,1,7,57,0,0,0,0,5,0,0,3,2,0,70,70,70,70,65,70,68.0,7.0,1.0,2.0,,1.0,13.0,62.0,54.0,4.0,4.0,0.871,<4%,7631862.9
209,Grays Harbor,14066.0,Montesano School District,2180.0,Montesano Jr-Sr High,P,12th Grade,80,38,0,42,2,1,0,13,0,7,57,4,0,9,2,27,0,1,7,4,16,76,79,71,78,53,80,62.0,8.0,,,,3.0,11.0,59.0,48.0,8.0,3.0,0.8136,<3%,8722658.6
210,Lewis,21214.0,Morton School District,3112.0,Morton Junior-Senior High,P,12th Grade,22,8,0,14,0,1,0,1,0,3,17,0,0,0,1,13,0,1,2,0,2,22,22,22,21,9,22,23.0,4.0,,1.0,,3.0,3.0,24.0,18.0,2.0,4.0,0.75,<10%,2627476.0
211,Grant,13161.0,Moses Lake School District,3215.0,Moses Lake High School,P,12th Grade,520,268,0,252,2,10,4,222,0,12,270,30,0,0,9,253,26,1,49,12,43,490,519,520,511,267,494,503.0,70.0,2.0,9.0,17.0,25.0,90.0,483.0,395.0,35.0,53.0,0.8178,2.90%,29347106.3
212,Grant,13161.0,Moses Lake School District,5323.0,Skill Source Reingagement Program,R,12th Grade,114,64,0,50,0,1,0,62,0,0,51,5,0,0,1,85,3,1,47,3,17,109,113,114,113,29,111,97.0,19.0,,2.0,6.0,58.0,2.0,114.0,24.0,24.0,66.0,0.2105,<2%,313641.9
213,Yakima,39209.0,Mount Adams School District,2532.0,White Swan High School,P,12th Grade,56,32,0,24,26,0,0,21,0,6,3,18,0,0,11,55,4,0,12,6,15,38,56,56,45,1,52,56.0,8.0,,4.0,4.0,8.0,6.0,58.0,40.0,2.0,16.0,0.6897,9.20%,6834589.4
214,Whatcom,37507.0,Mount Baker School District,2343.0,Mount Baker Senior High,P,12th Grade,147,61,0,86,5,1,0,17,1,6,117,5,0,11,1,68,0,0,9,6,11,142,146,136,146,79,147,156.0,21.0,5.0,3.0,5.0,10.0,26.0,151.0,114.0,14.0,23.0,0.755,3.10%,9177814.6
215,Skagit,29320.0,Mount Vernon School District,2295.0,Mount Vernon High School,P,12th Grade,500,249,0,251,3,18,3,252,7,21,196,41,0,0,14,281,96,1,24,25,48,459,498,500,486,219,404,474.0,53.0,3.0,18.0,8.0,39.0,37.0,490.0,394.0,28.0,68.0,0.8041,2.60%,25728093.3
216,Skagit,29320.0,Mount Vernon School District,1992.0,Skagit Academy,A,12th Grade,21,10,0,11,0,0,1,1,0,0,19,0,0,0,0,3,0,0,0,0,3,21,21,21,21,18,21,19.0,3.0,,,,,2.0,20.0,17.0,3.0,0.0,0.85,<10%,2660001.8
217,King,17903.0,Muckleshoot Indian Tribe,1986.0,Muckleshoot Tribal School,Q,12th Grade,50,24,0,26,48,0,0,1,0,0,1,0,0,0,0,22,2,0,6,1,10,50,50,50,50,28,48,40.0,3.0,1.0,,3.0,3.0,1.0,42.0,31.0,4.0,7.0,0.7381,<5%,5739492.5
218,Snohomish,31006.0,Mukilteo School District,4247.0,ACES High School,A,12th Grade,86,46,0,40,1,3,10,28,1,9,34,6,0,0,12,56,1,0,15,2,2,80,86,86,74,30,85,73.0,11.0,,1.0,4.0,8.0,9.0,75.0,43.0,19.0,13.0,0.5733,5.60%,3093169.5
219,Snohomish,31006.0,Mukilteo School District,4433.0,Kamiak High School,P,12th Grade,498,226,0,272,0,113,14,42,3,47,279,15,0,28,6,91,0,0,16,34,54,483,496,470,492,407,498,465.0,51.0,2.0,3.0,1.0,11.0,50.0,466.0,434.0,15.0,17.0,0.9313,3.10%,25642177.5
220,Snohomish,31006.0,Mukilteo School District,3688.0,Mariner High School,P,12th Grade,518,242,0,276,8,67,49,189,14,42,149,90,0,5,13,327,1,0,37,9,80,428,513,513,505,191,517,464.0,98.0,3.0,1.0,11.0,34.0,80.0,482.0,394.0,39.0,49.0,0.8174,3.90%,30398683.8
221,Snohomish,31006.0,Mukilteo School District,5498.0,Mukilteo Reengagement Academy Open Doors,R,12th Grade,29,13,0,16,0,3,2,15,0,2,7,3,0,0,0,9,0,0,12,0,1,26,29,29,29,20,29,33.0,7.0,,,4.0,13.0,3.0,37.0,4.0,16.0,17.0,0.1081,<4%,72310.6
222,Yakima,39003.0,Naches Valley School District,2591.0,Naches Valley High School,P,12th Grade,98,46,0,52,1,2,0,18,0,2,75,1,0,12,1,40,2,1,3,2,12,97,97,86,97,58,96,101.0,6.0,,2.0,2.0,1.0,10.0,97.0,89.0,3.0,5.0,0.9175,<3%,4967638.0
223,Lewis,21014.0,Napavine School District,2273.0,Napavine Jr Sr High School,P,12th Grade,65,24,0,41,0,1,0,11,0,1,52,0,0,11,2,27,0,0,1,0,4,65,64,54,63,38,65,65.0,5.0,,,,1.0,12.0,58.0,54.0,3.0,1.0,0.931,<4%,4926793.6
224,Pend Oreille,26056.0,Newport School District,2518.0,Newport High School,P,12th Grade,70,34,0,36,0,0,1,2,0,2,65,0,0,14,4,27,0,1,8,8,8,70,70,56,66,43,70,69.0,20.0,4.0,,4.0,1.0,23.0,66.0,57.0,0.0,9.0,0.8636,<4%,5089212.3
225,Pend Oreille,26056.0,Newport School District,5118.0,Pend Oreille River School,A,12th Grade,24,11,0,13,5,0,0,1,0,1,15,0,0,0,4,18,0,0,2,1,5,24,24,24,20,6,24,19.0,7.0,,,3.0,1.0,1.0,25.0,16.0,5.0,4.0,0.64,<9%,276838.7
226,Spokane,32325.0,Nine Mile Falls School District,4333.0,Lakeside High School,P,12th Grade,112,57,0,55,1,1,2,9,0,5,94,0,0,0,1,29,0,2,2,2,18,112,112,112,111,83,112,118.0,11.0,,,1.0,4.0,15.0,114.0,107.0,2.0,5.0,0.9386,<3%,6054794.6
227,Whatcom,37506.0,Nooksack Valley School District,2459.0,Nooksack Valley High School,P,12th Grade,114,61,0,53,4,1,1,36,0,2,70,9,0,3,1,55,6,0,6,9,19,105,113,111,113,59,108,97.0,14.0,,,2.0,13.0,12.0,99.0,82.0,2.0,15.0,0.8283,3.30%,5938582.2
228,Grays Harbor,14064.0,North Beach School District No. 64,2728.0,North Beach Senior High School,P,12th Grade,46,23,0,23,2,1,2,3,1,5,32,0,0,12,2,33,1,0,4,1,14,46,46,34,44,13,45,37.0,9.0,,,,6.0,5.0,41.0,35.0,0.0,6.0,0.8537,9.60%,3224893.2
229,Franklin,11051.0,North Franklin School District,1754.0,Palouse Junction High School,A,12th Grade,18,7,0,11,0,0,0,17,0,0,1,7,0,0,0,14,4,0,4,0,7,11,18,18,18,4,14,14.0,1.0,,,,2.0,1.0,14.0,12.0,0.0,2.0,0.8571,<10%,595383.5
230,Kitsap,18400.0,North Kitsap School District,5085.0,Kingston High School,P,12th Grade,202,91,0,111,13,3,0,19,0,24,143,5,0,27,4,59,6,7,12,9,21,197,202,175,198,143,196,203.0,25.0,,1.0,2.0,3.0,35.0,193.0,181.0,6.0,6.0,0.9378,6.20%,10007445.8
231,Kitsap,18400.0,North Kitsap School District,3236.0,North Kitsap High School,P,12th Grade,315,163,0,152,2,14,4,36,4,29,226,7,0,56,5,66,3,31,7,16,25,308,315,259,310,249,312,294.0,54.0,,1.0,,3.0,52.0,296.0,288.0,4.0,4.0,0.973,2.20%,15082874.0
232,Mason,23403.0,North Mason School District,1680.0,James A. Taylor High School,A,12th Grade,23,9,0,14,3,0,0,5,0,0,15,2,0,0,6,18,0,3,8,2,5,21,23,23,17,5,23,18.0,1.0,,1.0,1.0,3.0,1.0,18.0,5.0,8.0,5.0,0.2778,<9%,842831.5
233,Mason,23403.0,North Mason School District,3175.0,North Mason Senior High School,P,12th Grade,182,75,0,107,1,1,2,40,0,2,136,12,0,2,11,77,0,8,6,8,27,170,182,180,171,105,182,158.0,28.0,2.0,3.0,2.0,10.0,13.0,173.0,148.0,8.0,17.0,0.8555,5.00%,9958888.6
234,Thurston,34003.0,North Thurston Public Schools,3010.0,North Thurston High School,P,12th Grade,330,166,0,164,2,41,11,60,5,32,179,20,0,16,12,116,0,21,14,18,23,310,329,314,318,214,330,303.0,67.0,3.0,1.0,3.0,18.0,63.0,307.0,265.0,17.0,25.0,0.8632,3.10%,16885582.4
235,Thurston,34003.0,North Thurston Public Schools,4427.0,River Ridge High School,P,12th Grade,330,153,0,177,7,27,20,75,14,43,144,14,0,2,25,136,0,29,13,27,39,316,330,328,305,194,330,304.0,73.0,2.0,3.0,7.0,7.0,57.0,320.0,280.0,21.0,19.0,0.875,1.10%,16483352.8
236,Thurston,34003.0,North Thurston Public Schools,4314.0,South Sound High School,A,12th Grade,123,67,0,56,6,4,3,32,3,12,63,7,0,0,32,85,0,6,23,15,28,116,122,123,91,38,123,64.0,13.0,,,1.0,11.0,0.0,77.0,48.0,17.0,12.0,0.6234,12.00%,3504791.2
237,Thurston,34003.0,North Thurston Public Schools,3710.0,Timberline High School,P,12th Grade,386,200,0,186,1,23,20,63,12,52,215,7,0,6,24,146,0,36,25,29,43,379,383,380,362,240,386,381.0,61.0,,2.0,3.0,4.0,88.0,354.0,337.0,8.0,9.0,0.952,3.50%,17936717.8
238,Stevens,33211.0,Northport School District,2958.0,Northport High School,P,12th Grade,14,7,0,7,1,0,0,1,0,1,11,0,0,1,0,10,0,0,1,0,3,14,14,13,14,4,14,16.0,5.0,,,1.0,1.0,2.0,19.0,13.0,4.0,2.0,0.6842,12.50%,1253488.5
239,King,17417.0,Northshore School District,3106.0,Bothell High School,P,12th Grade,336,166,0,170,2,37,10,53,0,33,201,13,0,10,4,62,0,0,9,24,51,323,335,326,332,274,336,297.0,34.0,,3.0,4.0,9.0,20.0,311.0,280.0,15.0,16.0,0.9003,3.20%,20067979.6
240,King,17417.0,Northshore School District,3492.0,Inglemoor HS,P,12th Grade,445,222,0,223,1,74,10,58,2,36,264,19,0,42,5,69,0,0,9,43,39,426,445,403,440,376,445,406.0,42.0,,3.0,1.0,4.0,22.0,426.0,412.0,6.0,8.0,0.9671,3.10%,22492601.8
241,King,17417.0,Northshore School District,5481.0,North Creek High School,P,12th Grade,324,158,0,166,4,83,4,40,0,24,169,15,0,17,2,48,0,0,5,39,29,309,324,307,322,276,324,289.0,39.0,,,4.0,3.0,7.0,321.0,313.0,1.0,7.0,0.9751,<1%,21652052.3
242,King,17417.0,Northshore School District,1814.0,Northshore Networks,A,12th Grade,52,26,0,26,0,4,1,4,0,3,40,1,0,0,0,0,0,0,5,7,6,51,52,52,52,52,52,39.0,16.0,1.0,,3.0,,17.0,38.0,26.0,8.0,4.0,0.6842,<5%,1966478.8
243,King,17417.0,Northshore School District,5331.0,Northshore Online Reengagement Program,R,12th Grade,22,6,0,16,1,0,1,3,0,1,16,0,0,0,0,0,0,0,9,1,3,22,22,22,22,22,22,12.0,2.0,,,,4.0,0.0,14.0,5.0,5.0,4.0,0.3571,<8%,42240.5
244,King,17417.0,Northshore School District,3811.0,Secondary Academy for Success,A,12th Grade,48,30,0,18,0,4,2,10,0,6,26,1,0,0,4,22,0,0,5,2,12,47,48,48,44,26,48,40.0,10.0,,,3.0,1.0,2.0,48.0,36.0,8.0,4.0,0.75,<5%,2273934.4
245,King,17417.0,Northshore School District,4208.0,Woodinville HS,P,12th Grade,465,236,0,229,0,58,3,36,1,49,318,8,0,39,5,47,0,0,9,61,49,457,464,426,460,418,465,416.0,43.0,,3.0,3.0,4.0,12.0,447.0,429.0,8.0,10.0,0.9597,<1%,22567744.4
246,Island,15201.0,Oak Harbor School District,2974.0,Oak Harbor High School,P,12th Grade,402,193,0,209,1,46,17,64,4,36,234,26,0,16,29,153,0,15,11,20,65,376,402,386,373,249,402,366.0,94.0,,4.0,6.0,7.0,89.0,371.0,328.0,26.0,17.0,0.8841,1.70%,20537284.8
247,Grays Harbor,14400.0,Oakville School District,2283.0,Oakville High School,P,12th Grade,13,5,0,8,3,0,0,2,0,0,8,4,0,0,0,10,0,0,0,0,1,9,13,13,13,3,13,15.0,1.0,,,1.0,2.0,2.0,14.0,11.0,0.0,3.0,0.7857,<10%,2070972.4
248,Pacific,25101.0,Ocean Beach School District,4220.0,Ilwaco High School,P,12th Grade,52,27,0,25,0,0,0,8,0,1,43,1,0,8,7,23,1,0,1,7,5,51,51,44,45,29,51,61.0,10.0,,,,2.0,12.0,59.0,54.0,3.0,2.0,0.9153,<5%,4673320.8
249,Grays Harbor,14172.0,Ocosta School District,3024.0,Ocosta Junior - Senior High,P,12th Grade,59,33,0,26,4,0,0,8,0,7,40,3,0,0,6,44,9,2,2,5,9,56,59,59,53,15,50,56.0,12.0,,2.0,1.0,4.0,8.0,60.0,50.0,3.0,7.0,0.8333,<5%,5104641.1
250,Lincoln,22105.0,Odessa School District,2443.0,Odessa High School,P,12th Grade,14,8,0,6,0,0,0,2,0,0,12,0,0,0,0,7,0,0,0,0,0,14,14,14,14,7,14,18.0,,,,,,2.0,16.0,14.0,2.0,0.0,0.875,<10%,2207813.0
251,Okanogan,24105.0,Okanogan School District,1980.0,Okanogan Alternative High School,5,12th Grade,10,6,0,4,1,0,1,3,0,1,4,2,0,0,0,10,1,0,6,0,0,8,10,10,10,0,9,12.0,6.0,,2.0,1.0,5.0,0.0,18.0,7.0,3.0,8.0,0.3889,<10%,45812.5
252,Okanogan,24105.0,Okanogan School District,5151.0,Okanogan Outreach Alternative School,5,12th Grade,25,12,0,13,3,0,1,6,0,6,9,1,0,0,7,21,1,0,7,1,0,24,25,25,18,4,24,45.0,11.0,,3.0,3.0,13.0,6.0,50.0,19.0,12.0,19.0,0.38,<6%,696151.8
253,Thurston,34111.0,Olympia School District,1768.0,Avanti High School,A,12th Grade,59,35,0,24,1,0,0,4,0,6,48,0,0,0,9,24,0,1,4,7,6,59,59,59,50,35,59,40.0,5.0,,,,1.0,1.0,44.0,34.0,9.0,1.0,0.7727,<5%,2023384.9
254,Thurston,34111.0,Olympia School District,3960.0,Capital High School,P,12th Grade,340,160,0,180,1,21,5,55,1,25,232,9,0,0,8,97,1,2,5,25,49,331,340,340,332,243,339,315.0,55.0,1.0,1.0,3.0,9.0,45.0,325.0,298.0,13.0,14.0,0.9169,2.00%,17326453.2
255,Thurston,34111.0,Olympia School District,3132.0,Olympia High School,P,12th Grade,486,240,0,246,1,50,12,38,0,45,340,10,0,0,6,101,0,4,14,35,47,476,482,486,480,385,486,455.0,41.0,,1.0,2.0,13.0,46.0,450.0,414.0,20.0,16.0,0.92,1.20%,21898867.8
256,Thurston,34111.0,Olympia School District,5078.0,Olympia Regional Learning Academy,5,12th Grade,26,13,0,13,1,1,1,1,0,3,19,0,0,0,1,5,0,0,0,1,0,26,26,26,25,21,26,28.0,8.0,,,2.0,,19.0,17.0,11.0,4.0,2.0,0.6471,<10%,3983312.0
257,Okanogan,24019.0,Omak School District,2031.0,Omak High School,P,12th Grade,94,44,0,50,25,1,0,18,0,10,40,4,0,5,9,55,0,0,7,1,26,90,93,89,85,39,94,93.0,14.0,1.0,1.0,1.0,9.0,7.0,100.0,80.0,8.0,12.0,0.8,<3%,6925402.2
258,Okanogan,24019.0,Omak School District,5197.0,Washington Virtual Academy Omak High School,5,12th Grade,207,124,0,83,4,5,14,10,3,0,171,2,0,0,1,61,0,4,29,10,29,205,207,207,206,146,207,277.0,43.0,2.0,1.0,4.0,1.0,165.0,155.0,123.0,24.0,8.0,0.7935,<1%,10782669.4
259,San Juan,28137.0,Orcas Island School District,2750.0,Orcas Island High School,P,12th Grade,34,17,0,17,1,4,0,2,1,1,25,3,0,1,1,11,0,0,1,2,7,31,34,33,33,23,34,28.0,7.0,,,,,3.0,32.0,28.0,4.0,0.0,0.875,<9%,2436017.8
260,Okanogan,24410.0,Oroville School District,2706.0,Oroville Middle-High School,P,12th Grade,32,11,0,21,2,1,0,13,0,0,16,3,0,3,0,23,3,1,0,2,0,29,32,29,32,9,29,33.0,8.0,1.0,1.0,3.0,,4.0,37.0,32.0,0.0,5.0,0.8649,<9%,4236891.0
261,Pierce,27344.0,Orting School District,2942.0,Orting High School,P,12th Grade,231,118,0,113,1,4,4,32,0,19,171,0,0,0,14,85,0,5,7,16,30,231,231,231,217,146,231,224.0,22.0,1.0,2.0,2.0,5.0,28.0,218.0,204.0,4.0,10.0,0.9358,8.10%,10283007.8
262,Adams,1147.0,Othello School District,5367.0,Desert Oasis High School,A,12th Grade,26,10,0,16,0,0,0,25,0,0,1,9,0,0,0,24,5,1,7,1,0,17,26,26,26,2,21,36.0,2.0,,2.0,,5.0,6.0,32.0,11.0,14.0,7.0,0.3438,9.40%,967053.4
263,Adams,1147.0,Othello School District,3015.0,Othello High School,P,12th Grade,242,133,0,109,0,1,1,219,1,0,20,58,0,0,2,198,24,3,11,5,31,184,242,242,240,44,218,247.0,21.0,3.0,5.0,8.0,4.0,19.0,249.0,217.0,12.0,20.0,0.8715,3.20%,13985098.0
264,Franklin,11001.0,Pasco School District,5164.0,Chiawana Senior High School,P,12th Grade,696,344,0,352,0,18,10,434,1,16,217,117,0,36,26,405,63,0,32,17,96,579,695,660,670,291,633,626.0,69.0,1.0,6.0,8.0,25.0,68.0,627.0,543.0,44.0,40.0,0.866,<1%,36481816.1
265,Franklin,11001.0,Pasco School District,3912.0,New Horizons High School,A,12th Grade,196,86,0,110,2,2,2,164,1,4,21,47,0,1,21,159,18,0,37,9,18,149,196,195,175,37,178,163.0,7.0,,8.0,17.0,29.0,6.0,164.0,31.0,79.0,54.0,0.189,8.60%,4012085.7
266,Franklin,11001.0,Pasco School District,2917.0,Pasco Senior High School,P,12th Grade,557,277,0,280,0,6,10,443,0,10,88,131,0,21,22,395,40,0,41,7,85,426,556,536,535,162,517,521.0,83.0,5.0,2.0,13.0,26.0,72.0,532.0,444.0,42.0,46.0,0.8346,2.80%,29619811.1
267,Lewis,21301.0,Pe Ell School District,2858.0,Pe Ell School,P,12th Grade,21,8,0,13,1,0,0,1,0,4,15,0,0,0,2,9,0,0,1,0,5,21,21,21,19,12,21,19.0,3.0,,,,1.0,3.0,19.0,17.0,1.0,1.0,0.8947,<10%,4942885.9
268,Pierce,27401.0,Peninsula School District,4081.0,Gig Harbor High,P,12th Grade,446,222,0,224,2,11,5,40,4,41,343,14,0,28,13,68,0,9,15,40,30,432,444,418,433,378,446,415.0,68.0,1.0,2.0,5.0,15.0,63.0,420.0,372.0,25.0,23.0,0.8857,2.20%,18982511.0
269,Pierce,27401.0,Peninsula School District,1516.0,Henderson Bay Alt High School,A,12th Grade,79,37,0,42,1,1,2,4,0,6,65,0,0,0,2,24,0,0,18,3,30,79,79,79,77,55,79,50.0,,,1.0,3.0,11.0,10.0,40.0,14.0,11.0,15.0,0.35,<3%,3784450.4
270,Pierce,27401.0,Peninsula School District,2681.0,Peninsula High School,P,12th Grade,345,171,0,174,1,10,4,30,2,37,261,9,0,15,17,107,0,9,17,15,41,336,344,330,328,238,345,315.0,46.0,,1.0,2.0,22.0,44.0,317.0,278.0,14.0,25.0,0.877,2.00%,19330709.9
271,Clallam,5121.0,Port Angeles School District,4003.0,Lincoln High School,A,12th Grade,36,19,0,17,3,0,0,3,0,5,25,0,0,0,4,27,0,0,15,3,9,36,35,36,32,9,36,37.0,9.0,,1.0,4.0,13.0,5.0,41.0,10.0,13.0,18.0,0.2439,9.30%,1451494.2
272,Clallam,5121.0,Port Angeles School District,2908.0,Port Angeles High School,P,12th Grade,260,133,0,127,9,6,1,24,1,21,198,9,0,27,4,101,0,1,6,24,16,251,259,233,256,159,260,252.0,40.0,,1.0,9.0,12.0,35.0,257.0,231.0,4.0,22.0,0.8988,<1%,15458937.1
273,Jefferson,16050.0,Port Townsend School District,2503.0,Port Townsend High School,P,12th Grade,86,40,0,46,2,4,1,3,1,6,69,3,0,6,0,43,1,0,9,5,14,83,85,80,86,43,85,71.0,17.0,,,1.0,6.0,14.0,74.0,66.0,1.0,7.0,0.8919,4.40%,4985321.6
274,Benton,3116.0,Prosser School District,2508.0,Prosser High School,P,12th Grade,247,122,0,125,0,5,0,157,0,6,79,18,0,7,6,145,49,2,14,5,37,229,247,240,241,102,198,219.0,22.0,,1.0,3.0,13.0,16.0,225.0,192.0,16.0,17.0,0.8533,1.50%,10926645.1
275,Whitman,38267.0,Pullman School District,2499.0,Pullman High School,P,12th Grade,207,99,0,108,1,20,10,23,1,11,141,2,0,15,6,51,0,1,11,23,17,205,205,192,201,156,207,221.0,30.0,1.0,2.0,2.0,4.0,49.0,202.0,191.0,2.0,9.0,0.9455,1.40%,10152913.1
276,Pierce,27003.0,Puyallup School District,3972.0,E B Walker High School,A,12th Grade,50,22,0,28,1,0,1,15,1,4,28,3,0,0,11,36,0,0,11,8,2,47,50,50,39,14,50,57.0,10.0,,,6.0,12.0,5.0,62.0,36.0,8.0,18.0,0.5806,12.90%,2418544.4
277,Pierce,27003.0,Puyallup School District,4540.0,Emerald Ridge High School,P,12th Grade,512,243,0,269,8,20,15,84,6,56,323,14,0,42,11,146,0,19,13,42,63,498,511,470,501,366,512,477.0,56.0,,7.0,2.0,19.0,45.0,488.0,450.0,10.0,28.0,0.9221,3.20%,18853846.0
278,Pierce,27003.0,Puyallup School District,3645.0,Gov John Rogers High School,P,12th Grade,620,283,0,337,6,52,40,76,15,92,339,22,0,31,17,207,1,19,21,45,90,598,617,589,603,413,619,572.0,55.0,,10.0,11.0,16.0,34.0,593.0,530.0,26.0,37.0,0.8938,3.80%,20973329.6
279,Pierce,27003.0,Puyallup School District,2125.0,Puyallup High School,P,12th Grade,620,291,0,329,2,34,31,77,5,66,405,14,0,66,18,191,0,7,31,63,79,606,617,554,602,429,620,564.0,41.0,,3.0,12.0,18.0,32.0,573.0,526.0,14.0,33.0,0.918,4.40%,21731757.4
280,Pierce,27003.0,Puyallup School District,1640.0,Puyallup Online Academy/POA,A,12th Grade,53,31,0,22,0,0,3,6,1,3,40,1,0,1,4,20,0,1,11,7,4,52,53,52,49,33,53,68.0,13.0,,3.0,4.0,13.0,5.0,76.0,28.0,28.0,20.0,0.3684,<3%,2518637.7
281,Clallam,5402.0,Quillayute Valley School District,2349.0,Forks High School,P,12th Grade,77,30,0,47,6,0,0,20,0,5,46,3,0,8,1,41,1,0,2,2,16,74,77,69,76,36,76,72.0,8.0,,4.0,4.0,1.0,4.0,76.0,64.0,3.0,9.0,0.8421,<4%,7029091.6
282,Clallam,5402.0,Quillayute Valley School District,5071.0,Insight School of Washington,5,12th Grade,843,497,0,346,10,17,31,144,8,77,556,19,0,0,60,410,2,40,198,56,159,824,839,843,783,433,841,764.0,169.0,29.0,71.0,100.0,173.0,108.0,825.0,238.0,214.0,373.0,0.2885,<1%,22088493.7
283,Grant,13144.0,Quincy School District,3088.0,Quincy High School,P,12th Grade,186,94,0,92,0,0,1,160,0,0,25,34,0,0,5,152,15,0,8,4,16,152,185,186,181,34,171,190.0,20.0,2.0,3.0,2.0,14.0,17.0,193.0,161.0,11.0,21.0,0.8342,2.60%,11458860.9
284,Grant,13144.0,Quincy School District,1506.0,Quincy Innovation Academy,A,12th Grade,15,7,0,8,0,0,0,12,0,0,3,2,0,0,2,14,2,0,4,0,0,13,15,15,13,1,13,20.0,3.0,,1.0,8.0,7.0,1.0,22.0,5.0,1.0,16.0,0.2273,<10%,932919.8
285,Thurston,34307.0,Rainier School District,2468.0,Rainier Senior High School,P,12th Grade,59,31,0,28,0,0,0,1,0,5,53,0,0,0,0,19,0,2,0,3,9,59,58,59,59,40,59,65.0,12.0,,2.0,1.0,,18.0,59.0,56.0,0.0,3.0,0.9492,<5%,3924158.4
286,King,17403.0,Renton School District,3630.0,Hazen Senior High School,P,12th Grade,429,203,0,226,3,126,24,96,0,17,163,24,0,0,14,138,1,0,18,24,35,405,428,429,415,291,428,407.0,46.0,3.0,10.0,6.0,29.0,19.0,434.0,380.0,6.0,48.0,0.8756,2.10%,21635607.1
287,King,17403.0,Renton School District,3741.0,Lindbergh Senior High School,P,12th Grade,289,139,0,150,3,93,31,60,3,14,85,20,0,1,7,129,0,0,20,10,33,269,287,288,282,160,289,250.0,47.0,2.0,2.0,9.0,9.0,13.0,284.0,235.0,27.0,22.0,0.8275,3.30%,17036801.4
288,King,17403.0,Renton School District,5070.0,Renton Academy,A,12th Grade,1,0,0,1,0,0,0,0,0,0,1,0,0,0,0,1,0,0,1,0,0,1,1,1,1,0,1,1.0,,,,,,1.0,0.0,0.0,0.0,0.0,,Suppressed: N<10,2599243.6
289,King,17403.0,Renton School District,2475.0,Renton Senior High School,P,12th Grade,307,156,0,151,1,110,77,65,4,17,33,27,0,1,22,189,0,0,19,6,26,280,306,306,285,118,307,273.0,60.0,4.0,5.0,6.0,9.0,27.0,306.0,268.0,14.0,24.0,0.8758,2.70%,17451826.6
290,King,17403.0,Renton School District,5282.0,Talley High School,A,12th Grade,191,80,2,109,1,21,48,46,1,27,47,9,0,1,9,121,0,0,42,9,55,182,189,190,182,70,191,90.0,10.0,1.0,4.0,9.0,25.0,4.0,96.0,35.0,22.0,39.0,0.3646,6.30%,5099828.1
291,Ferry,10309.0,Republic School District,3579.0,Republic Senior High School,P,12th Grade,16,9,0,7,1,0,0,0,0,1,14,0,0,0,2,8,0,0,2,1,1,16,16,16,14,8,16,19.0,8.0,,,1.0,3.0,10.0,17.0,13.0,0.0,4.0,0.7647,<10%,1745288.7
292,Benton,3400.0,Richland School District,3833.0,Hanford High School,P,12th Grade,527,235,0,292,1,35,13,70,0,15,393,24,0,28,8,119,6,1,22,8,48,503,527,499,519,408,521,493.0,59.0,2.0,1.0,4.0,10.0,54.0,498.0,452.0,29.0,17.0,0.9076,1.70%,25741357.9
293,Benton,3400.0,Richland School District,3511.0,Richland High School,P,12th Grade,465,226,0,239,1,13,6,74,0,12,359,17,0,32,11,145,6,0,26,0,49,448,465,433,454,320,459,436.0,51.0,1.0,1.0,2.0,3.0,58.0,429.0,374.0,48.0,7.0,0.8718,1.20%,23785000.0
294,Benton,3400.0,Richland School District,4295.0,Rivers Edge High School,A,12th Grade,127,58,0,69,1,1,4,28,0,2,91,4,0,0,21,83,3,0,23,3,11,123,127,127,106,44,124,94.0,16.0,,3.0,11.0,15.0,10.0,100.0,22.0,49.0,29.0,0.22,<2%,3083992.9
295,Benton,3400.0,Richland School District,5165.0,Three Rivers Home Link,A,12th Grade,17,8,0,9,0,1,1,1,0,0,14,0,0,0,0,5,0,0,2,0,0,17,17,17,17,12,17,17.0,4.0,,1.0,,,7.0,14.0,10.0,3.0,1.0,0.7143,<10%,4870978.8
296,Clark,6122.0,Ridgefield School District,2390.0,Ridgefield High School,P,12th Grade,212,100,0,112,1,2,3,24,0,17,165,7,0,13,11,51,0,1,5,10,33,205,210,199,201,161,212,187.0,38.0,1.0,1.0,1.0,2.0,36.0,189.0,171.0,13.0,5.0,0.9048,3.50%,8899025.3
297,Adams,1160.0,Ritzville School District,2132.0,Ritzville High School,P,12th Grade,30,17,0,13,1,1,1,1,0,0,26,0,0,0,3,12,1,0,3,1,2,30,30,30,27,18,29,34.0,2.0,,2.0,,4.0,3.0,33.0,25.0,2.0,6.0,0.7576,<9%,2174991.8
298,Spokane,32416.0,Riverside School District,4228.0,Riverside High School,P,12th Grade,104,53,0,51,3,1,0,3,0,0,97,2,0,7,4,51,0,0,5,6,12,102,103,97,100,53,104,110.0,22.0,,2.0,5.0,7.0,20.0,112.0,93.0,5.0,14.0,0.8304,<3%,6227492.9
299,King,17407.0,Riverview School District,3524.0,Cedarcrest High School,P,12th Grade,245,122,0,123,1,6,0,30,0,5,203,0,0,0,2,30,1,0,11,13,17,245,245,245,243,215,244,232.0,25.0,1.0,4.0,2.0,5.0,27.0,230.0,211.0,7.0,12.0,0.9174,<1%,12703421.2
300,King,17407.0,Riverview School District,1756.0,CLIP,A,12th Grade,18,8,0,10,0,0,0,0,0,1,17,0,0,0,5,11,0,0,1,2,5,18,18,18,13,7,18,22.0,3.0,,,,4.0,2.0,23.0,11.0,8.0,4.0,0.4783,<10%,492861.2
301,Thurston,34401.0,Rochester School District,1735.0,H.e.a.r.t. High School,A,12th Grade,25,14,0,11,1,0,0,7,1,4,12,0,0,0,1,11,0,0,7,0,1,25,24,25,24,14,25,22.0,1.0,,,3.0,4.0,0.0,23.0,11.0,5.0,7.0,0.4783,<10%,789596.4
302,Thurston,34401.0,Rochester School District,4326.0,Rochester High School,P,12th Grade,178,74,0,104,9,1,3,26,2,10,127,5,0,12,14,85,5,4,15,7,37,173,177,166,164,93,173,147.0,12.0,3.0,,1.0,5.0,13.0,146.0,130.0,7.0,9.0,0.8904,4.90%,8309901.5
303,Grant,13160.0,Royal School District,3516.0,Royal High School,P,12th Grade,125,57,0,68,0,0,0,104,0,0,21,28,0,6,7,88,10,0,3,17,11,97,125,119,118,37,115,124.0,6.0,1.0,1.0,5.0,5.0,7.0,123.0,103.0,8.0,12.0,0.8374,3.70%,6584430.0
304,San Juan,28149.0,San Juan Island School District,2879.0,Friday Harbor High School,P,12th Grade,63,33,0,30,0,2,0,11,0,3,47,1,0,0,2,19,0,0,1,2,7,62,63,63,61,44,63,63.0,8.0,,1.0,2.0,1.0,9.0,62.0,56.0,2.0,4.0,0.9032,<5%,4483599.8
305,King,17001.0,Seattle School District No. 1,3778.0,Alan T. Sugiyama High School,A,12th Grade,28,13,0,15,0,4,10,7,4,3,0,6,0,0,11,27,0,0,10,1,9,22,28,28,17,1,28,26.0,6.0,,,3.0,7.0,3.0,29.0,9.0,10.0,10.0,0.3103,8.50%,2165373.0
306,King,17001.0,Seattle School District No. 1,2220.0,Ballard High School,P,12th Grade,469,235,0,234,2,34,11,42,0,32,348,10,0,30,2,51,6,0,17,57,59,459,469,439,467,418,463,436.0,59.0,1.0,3.0,10.0,12.0,29.0,466.0,423.0,17.0,26.0,0.9077,1.50%,28296710.2
307,King,17001.0,Seattle School District No. 1,3096.0,Chief Sealth International High School,P,12th Grade,269,124,0,145,5,48,56,75,3,17,65,49,0,3,22,176,2,0,15,8,42,220,269,266,247,93,267,243.0,37.0,1.0,7.0,5.0,13.0,21.0,259.0,218.0,15.0,26.0,0.8417,1.80%,17234856.9
308,King,17001.0,Seattle School District No. 1,2392.0,Cleveland High School STEM,P,12th Grade,219,111,0,108,5,104,53,23,0,17,17,15,0,4,13,123,0,0,2,19,23,204,219,215,206,96,219,218.0,5.0,,,1.0,2.0,7.0,216.0,204.0,9.0,3.0,0.9444,1.30%,14843269.4
309,King,17001.0,Seattle School District No. 1,2182.0,Franklin High School,P,12th Grade,323,158,0,165,1,160,69,41,3,16,33,61,0,4,11,211,3,0,19,2,28,262,322,319,312,112,320,270.0,43.0,1.0,4.0,4.0,9.0,24.0,289.0,253.0,18.0,18.0,0.8754,1.50%,19591066.4
310,King,17001.0,Seattle School District No. 1,2306.0,Garfield High School,P,12th Grade,441,233,0,208,3,79,108,33,2,33,183,33,0,162,17,139,4,0,19,40,35,408,440,279,424,302,437,427.0,60.0,6.0,8.0,5.0,32.0,42.0,445.0,383.0,11.0,51.0,0.8607,1.30%,23894345.8
311,King,17001.0,Seattle School District No. 1,3276.0,Ingraham High School,P,12th Grade,325,139,0,186,2,44,32,48,0,24,175,39,0,81,11,95,17,0,13,28,44,286,324,244,314,230,308,289.0,41.0,,3.0,4.0,11.0,26.0,304.0,269.0,17.0,18.0,0.8849,<1%,21830604.1
312,King,17001.0,Seattle School District No. 1,1635.0,Interagency Programs,A,12th Grade,231,101,0,130,6,15,101,62,3,24,20,22,0,1,50,181,3,1,42,3,80,209,225,230,181,50,228,124.0,96.0,,8.0,6.0,22.0,62.0,158.0,42.0,80.0,36.0,0.2658,<1%,11422929.5
313,King,17001.0,Seattle School District No. 1,1547.0,Middle College High School,P,12th Grade,28,14,0,14,0,2,4,6,0,1,15,2,0,2,1,8,0,0,8,5,12,26,28,26,27,20,28,24.0,6.0,2.0,1.0,3.0,4.0,2.0,28.0,12.0,6.0,10.0,0.4286,<9%,1912665.3
314,King,17001.0,Seattle School District No. 1,3479.0,Nathan Hale High School,P,12th Grade,290,141,0,149,4,40,48,29,1,16,152,26,0,8,11,102,1,0,12,28,46,264,288,282,279,188,289,255.0,44.0,,1.0,3.0,7.0,27.0,272.0,234.0,27.0,11.0,0.8603,3.00%,19394582.0
315,King,17001.0,Seattle School District No. 1,3868.0,Nova High School,A,12th Grade,121,70,0,51,2,8,6,11,0,12,82,0,0,2,5,37,0,0,16,23,36,121,121,119,116,84,121,85.0,12.0,,,4.0,3.0,17.0,80.0,56.0,17.0,7.0,0.7,<2%,4605111.9
316,King,17001.0,Seattle School District No. 1,3327.0,Rainier Beach High School,P,12th Grade,218,81,0,137,0,59,110,22,6,17,4,48,0,0,25,177,1,0,13,3,39,170,216,218,193,41,217,171.0,57.0,3.0,1.0,6.0,1.0,23.0,205.0,174.0,20.0,11.0,0.8488,5.70%,12712126.3
317,King,17001.0,Seattle School District No. 1,2285.0,Roosevelt High School,P,12th Grade,443,221,0,222,0,53,21,35,0,35,299,13,0,26,3,61,2,1,7,61,43,430,442,417,440,382,441,400.0,71.0,1.0,,3.0,13.0,34.0,437.0,405.0,15.0,17.0,0.9268,<1%,28071720.1
318,King,17001.0,Seattle School District No. 1,1596.0,Seattle World School,A,12th Grade,67,30,0,37,0,26,13,25,0,0,3,59,0,0,13,60,11,0,9,0,1,8,67,67,54,7,56,9.0,66.0,4.0,10.0,16.0,6.0,10.0,65.0,8.0,21.0,36.0,0.1231,<4%,6278745.7
319,King,17001.0,Seattle School District No. 1,1856.0,The Center School,P,12th Grade,49,35,0,14,0,1,3,6,0,6,33,0,0,4,0,2,0,0,2,6,8,49,49,45,49,47,49,43.0,9.0,,1.0,,4.0,5.0,47.0,42.0,0.0,5.0,0.8936,<5%,4033210.4
320,King,17001.0,Seattle School District No. 1,2234.0,West Seattle High School,P,12th Grade,234,122,0,112,2,27,22,32,1,20,130,14,0,3,4,49,0,0,8,12,22,220,233,231,230,185,234,214.0,46.0,2.0,,2.0,13.0,28.0,232.0,206.0,9.0,17.0,0.8879,<1%,15628675.8
321,Skagit,29101.0,Sedro-Woolley School District,2150.0,Sedro Woolley Senior High School,P,12th Grade,313,153,0,160,9,7,1,67,1,12,216,19,0,0,23,142,13,2,4,13,54,294,312,313,290,171,300,291.0,26.0,,4.0,4.0,3.0,25.0,292.0,270.0,11.0,11.0,0.9247,3.00%,16696782.8
322,Skagit,29101.0,Sedro-Woolley School District,1537.0,State Street High School,A,12th Grade,147,53,0,94,6,0,6,25,3,4,103,7,0,0,15,83,1,2,36,2,23,140,146,147,132,64,146,112.0,20.0,1.0,2.0,20.0,32.0,11.0,121.0,30.0,36.0,55.0,0.2479,3.70%,2743915.5
323,Yakima,39119.0,Selah School District,4272.0,Selah Academy Online,A,12th Grade,42,30,0,12,1,0,0,9,0,0,32,3,0,0,3,27,1,0,17,1,3,39,40,42,39,15,41,50.0,10.0,2.0,1.0,7.0,16.0,16.0,44.0,4.0,14.0,26.0,0.0909,<3%,1161151.3
324,Yakima,39119.0,Selah School District,2388.0,Selah High School,P,12th Grade,280,122,0,158,2,2,3,72,0,7,194,16,0,19,3,112,8,5,17,7,44,264,278,261,277,168,272,259.0,27.0,2.0,2.0,5.0,15.0,21.0,265.0,230.0,11.0,24.0,0.8679,5.20%,12725174.7
325,Clallam,5323.0,Sequim School District,2471.0,Sequim Senior High,P,12th Grade,222,110,0,112,8,7,3,25,0,16,163,1,0,14,8,85,0,1,5,6,26,221,221,208,214,137,222,227.0,53.0,2.0,2.0,1.0,9.0,67.0,213.0,187.0,12.0,14.0,0.8779,1.30%,12165953.6
326,Mason,23309.0,Shelton School District,4288.0,Choice Middle and High School,A,12th Grade,117,50,1,66,7,0,0,26,0,12,72,11,0,1,21,81,3,1,15,11,28,106,114,116,96,36,114,75.0,18.0,,,3.0,18.0,11.0,82.0,32.0,29.0,21.0,0.3902,<2%,4000181.5
327,Mason,23309.0,Shelton School District,3241.0,Shelton High School,P,12th Grade,312,121,0,191,12,2,4,66,1,31,196,23,0,0,31,178,7,1,14,37,45,289,310,312,281,134,305,277.0,37.0,,3.0,7.0,3.0,14.0,300.0,255.0,32.0,13.0,0.85,<1%,15695529.9
328,King,17412.0,Shoreline School District,2612.0,Fircrest Residential Habilitation,I,12th Grade,3,0,0,3,0,0,1,0,0,0,2,0,0,0,0,3,0,0,0,0,3,3,3,3,3,0,3,1.0,,,,,,1.0,0.0,0.0,0.0,0.0,,Suppressed: N<10,91703.9
329,King,17412.0,Shoreline School District,3343.0,Shorecrest High School,P,12th Grade,350,185,0,165,0,62,30,35,1,48,174,20,0,28,6,111,0,1,9,49,28,330,350,322,344,239,350,309.0,42.0,1.0,2.0,2.0,15.0,22.0,329.0,300.0,9.0,20.0,0.9119,4.40%,22268353.0
330,King,17412.0,Shoreline School District,3921.0,Shorewood High School,P,12th Grade,437,203,0,234,1,66,38,59,2,52,219,17,0,24,15,157,0,0,13,30,72,420,437,413,422,280,437,384.0,53.0,,4.0,4.0,14.0,38.0,399.0,358.0,19.0,22.0,0.8972,4.70%,25516459.8
331,Snohomish,31201.0,Snohomish School District,4265.0,AIM High School,A,12th Grade,92,37,0,55,1,0,1,10,0,4,76,2,0,4,3,28,0,1,25,14,14,90,92,88,89,64,92,48.0,7.0,,2.0,3.0,1.0,4.0,51.0,21.0,24.0,6.0,0.4118,4.50%,2721900.3
332,Snohomish,31201.0,Snohomish School District,5128.0,Glacier Peak High School,P,12th Grade,417,215,0,202,0,27,6,37,0,23,324,3,0,185,1,45,2,6,6,53,42,414,417,232,416,372,415,423.0,18.0,3.0,,,4.0,30.0,411.0,396.0,8.0,7.0,0.9635,5.70%,23345808.9
333,Snohomish,31201.0,Snohomish School District,2428.0,Snohomish High School,P,12th Grade,435,205,0,230,2,21,2,47,1,11,351,3,0,156,4,91,1,1,15,33,94,432,433,279,431,344,434,397.0,33.0,,5.0,8.0,13.0,27.0,403.0,364.0,13.0,26.0,0.9032,2.30%,23108668.2
334,King,17410.0,Snoqualmie Valley School District,2850.0,Mount Si High School,P,12th Grade,464,216,0,248,3,19,5,36,1,11,389,2,0,0,2,42,0,1,13,59,41,462,464,464,462,422,464,445.0,46.0,,,,7.0,64.0,427.0,406.0,14.0,7.0,0.9508,2.10%,23592302.2
335,King,17410.0,Snoqualmie Valley School District,1502.0,Two Rivers School,P,12th Grade,36,15,0,21,0,1,0,3,0,2,30,0,0,0,2,8,0,0,4,6,18,36,36,36,34,28,36,25.0,2.0,,1.0,,,5.0,22.0,17.0,4.0,1.0,0.7727,<7%,2162588.8
336,Grant,13156.0,Soap Lake School District,3089.0,Soap Lake Middle & High School,P,12th Grade,36,15,0,21,0,0,0,11,0,0,25,1,0,0,3,23,3,0,4,1,3,35,36,36,33,13,33,38.0,5.0,1.0,,,1.0,10.0,33.0,24.0,7.0,2.0,0.7273,<8%,4330419.3
337,Pacific,25118.0,South Bend School District,2214.0,South Bend High School,P,12th Grade,45,23,0,22,2,0,1,9,0,6,27,3,0,0,3,25,0,0,2,1,6,42,45,45,42,20,45,44.0,6.0,,,1.0,1.0,2.0,48.0,45.0,1.0,2.0,0.9375,<6%,4678639.9
338,Kitsap,18402.0,South Kitsap School District,3899.0,Discovery,A,12th Grade,104,51,0,53,1,0,2,12,1,17,71,2,0,1,26,64,0,0,35,10,13,102,100,103,78,40,104,77.0,7.0,,,5.0,13.0,6.0,78.0,33.0,27.0,18.0,0.4231,<2%,2822072.3
339,Kitsap,18402.0,South Kitsap School District,1718.0,Explorer Academy,A,12th Grade,33,15,0,18,0,0,0,3,1,3,26,0,0,1,1,15,0,0,12,7,7,33,33,32,32,18,33,34.0,5.0,,,2.0,5.0,7.0,32.0,17.0,8.0,7.0,0.5312,<6%,2157396.8
340,Kitsap,18402.0,South Kitsap School District,2272.0,South Kitsap High School,P,12th Grade,639,322,0,317,6,31,11,85,17,61,428,12,0,46,11,180,0,39,19,32,84,627,632,593,628,459,639,616.0,102.0,,5.0,3.0,15.0,94.0,624.0,565.0,36.0,23.0,0.9054,1.30%,36246011.0
341,Island,15206.0,South Whidbey School District,1682.0,South Whidbey Academy,A,12th Grade,17,8,0,9,0,0,0,0,0,0,17,0,0,0,0,7,0,0,1,1,2,17,17,17,17,10,17,14.0,3.0,,,,1.0,2.0,15.0,13.0,1.0,1.0,0.8667,<10%,1509781.3
342,Island,15206.0,South Whidbey School District,4149.0,South Whidbey High School,P,12th Grade,105,52,0,53,0,7,3,9,0,1,85,1,0,0,4,20,0,0,3,3,15,104,105,105,101,85,105,104.0,18.0,,1.0,1.0,2.0,23.0,99.0,93.0,2.0,4.0,0.9394,<3%,6668961.2
343,Spokane,32081.0,Spokane School District,3412.0,Ferris High School,P,12th Grade,394,189,0,205,3,15,13,31,3,42,286,31,0,20,19,153,0,4,20,60,44,363,393,374,375,241,394,354.0,63.0,1.0,1.0,6.0,6.0,60.0,357.0,332.0,11.0,14.0,0.93,2.20%,23039162.4
344,Spokane,32081.0,Spokane School District,2172.0,Lewis & Clark High School,P,12th Grade,464,237,0,227,4,24,19,47,10,49,311,28,0,51,14,162,0,5,24,71,47,436,461,413,450,302,464,423.0,81.0,2.0,3.0,8.0,16.0,60.0,444.0,393.0,22.0,29.0,0.8851,2.30%,23466456.5
345,Spokane,32081.0,Spokane School District,2106.0,North Central High School,P,12th Grade,294,152,0,142,2,9,8,26,1,39,209,23,0,11,14,147,0,5,13,50,50,271,287,283,280,147,294,283.0,45.0,,2.0,4.0,6.0,44.0,284.0,271.0,1.0,12.0,0.9542,<1%,20569838.1
346,Spokane,32081.0,Spokane School District,5250.0,On Track Academy,A,12th Grade,197,105,0,92,5,0,6,12,1,27,146,2,0,4,26,137,0,2,7,23,19,195,196,193,171,60,197,209.0,36.0,,,1.0,6.0,4.0,241.0,228.0,6.0,7.0,0.9461,<1%,5436957.3
347,Spokane,32081.0,Spokane School District,1567.0,Pratt Academy,A,12th Grade,15,2,0,13,0,0,0,3,0,2,10,0,0,0,2,11,0,0,6,4,11,15,14,15,13,4,15,17.0,2.0,,1.0,5.0,3.0,1.0,18.0,3.0,6.0,9.0,0.1667,23.80%,3065116.4
348,Spokane,32081.0,Spokane School District,2479.0,Rogers High School,P,12th Grade,337,155,0,182,6,26,19,36,14,47,189,27,0,4,51,253,0,1,27,25,77,310,335,333,286,84,337,314.0,61.0,2.0,2.0,11.0,14.0,49.0,326.0,287.0,10.0,29.0,0.8804,8.50%,21600063.8
349,Spokane,32081.0,Spokane School District,3189.0,Shadle Park High School,P,12th Grade,291,131,0,160,4,1,9,30,4,33,210,7,0,5,16,142,0,0,12,28,63,284,284,286,275,149,291,269.0,37.0,,2.0,11.0,8.0,30.0,276.0,245.0,10.0,21.0,0.8877,3.30%,18344411.8
350,Snohomish,31401.0,Stanwood-Camano School District,1707.0,Lincoln Hill High School,A,12th Grade,49,22,0,27,0,0,0,3,1,4,41,0,0,1,1,14,0,2,7,0,1,49,49,48,48,35,49,54.0,7.0,,2.0,7.0,8.0,4.0,57.0,27.0,13.0,17.0,0.4737,<5%,2153157.3
351,Snohomish,31401.0,Stanwood-Camano School District,2581.0,Stanwood High School,P,12th Grade,332,164,0,168,3,1,6,22,0,10,290,8,0,6,13,68,3,3,14,22,61,324,331,326,319,264,329,300.0,26.0,5.0,1.0,4.0,4.0,30.0,296.0,273.0,9.0,14.0,0.9223,3.20%,17634578.3
352,Pierce,27001.0,Steilacoom Hist. School District,4131.0,Steilacoom High,P,12th Grade,220,103,0,117,0,20,12,24,4,28,132,4,0,0,2,41,0,34,10,11,20,216,219,220,218,179,220,224.0,48.0,,1.0,,7.0,57.0,215.0,197.0,10.0,8.0,0.9163,5.30%,12868290.0
353,Skamania,30303.0,Stevenson-Carson School District,3119.0,Stevenson High School,P,12th Grade,78,37,0,41,0,1,0,13,0,4,60,3,0,10,8,36,0,0,4,10,14,75,76,68,70,42,78,80.0,12.0,,2.0,3.0,7.0,11.0,81.0,62.0,7.0,12.0,0.7654,<4%,4278718.7
354,Snohomish,31311.0,Sultan School District,4274.0,Sultan Senior High School,P,12th Grade,113,50,0,63,3,3,2,22,0,2,81,4,0,0,8,55,1,0,4,7,29,109,111,113,105,58,112,111.0,11.0,,3.0,,2.0,12.0,110.0,92.0,13.0,5.0,0.8364,<2%,8009942.5
355,Pierce,27905.0,Summit Public School: Olympus,5376.0,Summit Public School: Olympus,P,12th Grade,63,25,0,38,1,2,15,25,1,6,13,8,0,10,0,41,0,0,0,5,4,55,63,53,63,22,63,83.0,7.0,6.0,1.0,3.0,3.0,2.0,88.0,66.0,9.0,13.0,0.75,<4%,3684157.2
356,King,17902.0,Summit Public School: Sierra,5375.0,Summit Public School: Sierra,P,12th Grade,102,53,0,49,0,18,36,8,0,11,29,7,0,27,4,46,0,0,3,12,10,95,102,75,98,56,102,90.0,15.0,4.0,2.0,2.0,2.0,3.0,102.0,86.0,6.0,10.0,0.8431,<3%,5622589.1
357,Pierce,27320.0,Sumner School District,4585.0,Bonney Lake High School,P,12th Grade,343,190,0,153,3,11,6,33,0,34,256,8,0,8,15,96,0,5,16,29,41,335,340,335,328,247,343,320.0,42.0,,4.0,6.0,10.0,43.0,319.0,289.0,10.0,20.0,0.906,2.90%,19469467.1
358,Pierce,27320.0,Sumner School District,3247.0,Sumner High School,P,12th Grade,487,217,0,270,5,13,3,54,2,36,374,8,0,24,9,108,0,4,10,29,62,479,485,463,478,379,487,474.0,24.0,1.0,4.0,7.0,16.0,35.0,463.0,419.0,16.0,28.0,0.905,3.20%,21529491.8
359,Yakima,39201.0,Sunnyside School District,2959.0,Sunnyside High School,P,12th Grade,512,265,0,247,0,0,1,475,0,5,31,73,0,0,14,402,84,19,19,2,67,439,511,512,498,110,428,525.0,33.0,,,,42.0,62.0,496.0,450.0,4.0,42.0,0.9073,9.00%,25818076.1
360,Kitsap,18902.0,Suquamish Tribal Education Department,5319.0,Chief Kitsap Academy,Q,12th Grade,12,6,0,6,5,0,0,1,0,4,2,0,0,0,3,8,3,0,1,1,5,12,11,12,9,4,9,16.0,1.0,1.0,1.0,2.0,,0.0,17.0,13.0,0.0,4.0,0.7647,<10%,2168734.5
361,Pierce,27010.0,Tacoma School District,3880.0,Foss,P,12th Grade,157,68,0,89,1,27,32,25,7,10,55,24,0,10,13,100,0,1,13,5,33,133,156,147,144,57,157,153.0,47.0,,1.0,6.0,8.0,40.0,160.0,137.0,8.0,15.0,0.8562,4.00%,12172232.3
362,Pierce,27010.0,Tacoma School District,2215.0,Lincoln,P,12th Grade,330,162,0,168,5,58,79,84,14,30,60,31,0,8,35,240,0,4,18,10,48,299,326,322,295,90,330,339.0,45.0,3.0,2.0,16.0,22.0,49.0,335.0,283.0,9.0,43.0,0.8448,6.50%,22177553.4
363,Pierce,27010.0,Tacoma School District,3398.0,Mt Tahoma,P,12th Grade,327,159,0,168,2,53,57,95,19,24,77,43,0,6,22,230,1,1,30,12,49,284,325,321,305,97,326,325.0,57.0,1.0,3.0,7.0,8.0,80.0,302.0,274.0,9.0,19.0,0.9073,6.40%,20028154.2
364,Pierce,27010.0,Tacoma School District,4109.0,Oakland High School,A,12th Grade,52,38,0,14,4,1,12,10,1,9,15,4,0,0,12,44,1,0,15,4,13,48,51,52,40,8,51,69.0,12.0,,2.0,3.0,7.0,38.0,43.0,30.0,1.0,12.0,0.6977,11.80%,3519546.9
365,Pierce,27010.0,Tacoma School District,2084.0,Stadium,P,12th Grade,363,182,1,180,4,43,44,41,5,26,200,20,0,50,9,109,0,3,25,22,38,343,358,313,354,254,363,327.0,82.0,,,5.0,10.0,68.0,341.0,315.0,11.0,15.0,0.9238,5.10%,19903508.6
366,Pierce,27010.0,Tacoma School District,5307.0,Tacoma Open Doors,R,12th Grade,348,184,0,164,5,12,71,70,5,25,160,1,0,1,38,199,1,1,104,25,31,347,342,347,310,149,347,193.0,37.0,,2.0,24.0,93.0,9.0,221.0,8.0,94.0,119.0,0.0362,<1%,3661889.9
367,Pierce,27010.0,Tacoma School District,3246.0,Wilson,P,12th Grade,289,134,0,155,4,30,33,43,6,17,156,11,0,26,11,111,0,0,9,11,31,278,287,263,278,178,289,285.0,38.0,1.0,4.0,3.0,2.0,42.0,281.0,267.0,4.0,10.0,0.9502,4.10%,18313297.8
368,Grays Harbor,14077.0,Taholah School District,3580.0,Taholah High School,P,12th Grade,19,10,0,9,15,0,0,3,0,1,0,0,0,0,1,16,3,0,1,0,3,19,19,19,18,3,16,20.0,,,,1.0,2.0,0.0,20.0,16.0,1.0,3.0,0.8,13.60%,2215549.9
369,King,17409.0,Tahoma School District,2849.0,Tahoma Senior High School,P,12th Grade,650,326,0,324,2,31,23,63,3,45,483,5,0,23,1,77,0,4,14,48,80,645,650,627,649,573,650,601.0,56.0,,3.0,7.0,26.0,55.0,602.0,528.0,38.0,36.0,0.8771,2.00%,28364733.7
370,Whitman,38265.0,Tekoa School District,3418.0,Tekoa High School,P,12th Grade,9,4,0,5,0,0,0,0,0,0,9,0,0,0,0,4,0,0,0,0,0,9,9,9,9,5,9,13.0,5.0,,1.0,,,7.0,11.0,8.0,2.0,1.0,0.7273,<10%,1915270.0
371,Thurston,34402.0,Tenino School District,3509.0,Tenino High School,P,12th Grade,94,43,0,51,2,1,0,10,0,1,80,2,0,0,1,33,0,0,2,4,12,92,94,94,93,61,94,79.0,9.0,,,1.0,5.0,10.0,78.0,72.0,0.0,6.0,0.9231,6.00%,5157539.9
372,Lewis,21237.0,Toledo School District,5190.0,Cowlitz Prairie Academy,P,12th Grade,20,13,0,7,0,0,0,3,0,2,15,0,0,1,6,15,0,0,4,0,2,20,20,19,14,5,20,14.0,2.0,,,,1.0,1.0,15.0,11.0,3.0,1.0,0.7333,<10%,218248.9
373,Lewis,21237.0,Toledo School District,2616.0,Toledo High School,P,12th Grade,73,32,0,41,1,1,1,7,0,4,59,0,0,3,7,37,0,0,2,3,11,73,73,70,66,36,73,68.0,7.0,1.0,1.0,,1.0,5.0,70.0,67.0,0.0,3.0,0.9571,<4%,3970282.4
374,Okanogan,24404.0,Tonasket School District,2679.0,Tonasket High School,P,12th Grade,73,33,0,40,1,0,0,29,0,4,39,3,0,0,4,44,16,0,4,1,8,70,72,73,69,29,57,75.0,9.0,1.0,,3.0,5.0,8.0,76.0,66.0,1.0,9.0,0.8684,<4%,5077210.4
375,Yakima,39202.0,Toppenish School District,1508.0,Computer Academy Toppenish High School,A,12th Grade,64,27,0,37,10,0,0,52,0,1,1,24,0,0,4,63,17,0,13,2,2,40,64,64,60,1,47,71.0,9.0,,1.0,7.0,22.0,7.0,73.0,28.0,15.0,30.0,0.3836,<3%,2656576.9
376,Yakima,39202.0,Toppenish School District,5262.0,Northwest Allprep,5,12th Grade,149,84,0,65,4,2,6,17,0,2,118,15,0,0,0,49,1,0,35,0,8,134,149,149,149,100,148,163.0,176.0,3.0,7.0,18.0,34.0,239.0,100.0,20.0,18.0,62.0,0.2,<1%,1541059.8
377,Yakima,39202.0,Toppenish School District,2900.0,Toppenish High School,P,12th Grade,197,104,0,93,20,0,0,171,0,1,5,51,0,23,1,179,36,0,4,2,31,146,196,174,196,18,161,197.0,8.0,1.0,,1.0,1.0,11.0,194.0,190.0,1.0,3.0,0.9794,3.50%,14202025.7
378,King,17406.0,Tukwila School District,2848.0,Foster Senior High School,P,12th Grade,226,99,0,127,2,70,52,55,10,17,20,59,0,0,32,164,1,0,11,3,30,167,225,226,194,62,225,197.0,44.0,3.0,4.0,13.0,8.0,32.0,209.0,157.0,24.0,28.0,0.7512,1.30%,12768509.1
379,Thurston,34033.0,Tumwater School District,4500.0,A G West Black Hills High School,P,12th Grade,188,92,0,96,1,7,2,18,0,21,139,0,0,19,9,43,0,6,7,9,18,188,187,169,179,145,188,174.0,34.0,,,2.0,9.0,28.0,180.0,164.0,5.0,11.0,0.9111,3.50%,11739185.8
380,Thurston,34033.0,Tumwater School District,1713.0,Cascadia High School,A,12th Grade,77,41,0,36,0,0,3,3,0,6,65,0,0,0,11,41,0,1,11,10,11,77,77,77,66,36,77,40.0,8.0,,,1.0,7.0,7.0,41.0,17.0,16.0,8.0,0.4146,<3%,1223427.7
381,Thurston,34033.0,Tumwater School District,5014.0,New Market High School,A,12th Grade,42,12,0,30,3,0,3,6,0,3,27,0,0,0,7,16,0,0,8,3,8,42,40,42,35,26,42,26.0,9.0,,,3.0,4.0,0.0,35.0,20.0,8.0,7.0,0.5714,<5%,1219860.8
382,Thurston,34033.0,Tumwater School District,3362.0,Tumwater High School,P,12th Grade,311,154,0,157,1,9,3,33,3,26,236,4,0,9,10,87,0,0,7,8,35,307,308,302,301,224,311,297.0,27.0,,2.0,,3.0,33.0,291.0,280.0,6.0,5.0,0.9622,2.20%,15068147.3
383,Pierce,27083.0,University Place School District,3600.0,Curtis Senior High,P,12th Grade,483,246,0,237,2,64,32,53,7,77,248,8,0,25,12,157,0,29,19,37,51,475,482,458,471,326,483,452.0,52.0,,2.0,4.0,7.0,52.0,452.0,427.0,12.0,13.0,0.9447,4.70%,17162688.7
384,Stevens,33070.0,Valley School District,5223.0,Paideia High School,5,12th Grade,11,6,0,5,0,0,0,0,0,2,9,0,0,1,3,5,0,0,1,0,0,11,10,10,8,6,11,13.0,5.0,,,,,6.0,12.0,10.0,2.0,0.0,0.8333,<10%,1453428.5
385,Clark,6037.0,Vancouver School District,3423.0,Columbia River High,P,12th Grade,320,160,0,160,4,12,3,41,4,22,234,4,0,191,7,92,0,0,8,12,56,316,320,129,313,228,320,307.0,27.0,,1.0,2.0,12.0,30.0,304.0,279.0,10.0,15.0,0.9178,3.90%,14656687.8
386,Clark,6037.0,Vancouver School District,2179.0,Fort Vancouver High School,P,12th Grade,336,172,0,164,1,22,22,113,20,11,147,61,0,147,20,223,0,1,35,5,52,275,335,189,316,113,336,314.0,111.0,3.0,6.0,12.0,40.0,84.0,341.0,255.0,25.0,61.0,0.7478,5.20%,18849846.0
387,Clark,6037.0,Vancouver School District,3081.0,Hudson's Bay High School,P,12th Grade,237,114,0,123,3,4,7,73,7,14,129,15,0,120,10,139,1,1,16,6,37,222,237,117,227,98,236,258.0,46.0,1.0,2.0,1.0,6.0,50.0,254.0,240.0,4.0,10.0,0.9449,3.90%,16344047.9
388,Clark,6037.0,Vancouver School District,4504.0,Skyview High School,P,12th Grade,460,215,0,245,1,20,9,64,4,38,324,9,0,284,2,92,0,0,7,23,46,451,460,176,458,368,460,468.0,58.0,,,2.0,3.0,55.0,471.0,459.0,7.0,5.0,0.9745,3.60%,21262957.6
389,King,17402.0,Vashon Island School District,1938.0,Student Link,A,12th Grade,21,9,0,12,0,1,0,3,0,1,16,1,0,0,3,11,0,0,2,5,5,20,21,21,18,10,21,14.0,1.0,,,,,1.0,14.0,9.0,5.0,0.0,0.6429,<10%,515670.1
390,King,17402.0,Vashon Island School District,2419.0,Vashon Island High School,P,12th Grade,123,58,0,65,0,3,1,10,0,8,101,2,0,8,2,17,0,1,5,10,8,121,123,115,121,106,123,119.0,20.0,,1.0,,6.0,19.0,120.0,110.0,3.0,7.0,0.9167,<2%,7385223.2
391,Wahkiakum,35200.0,Wahkiakum School District,3467.0,Wahkiakum High School,P,12th Grade,39,15,0,24,0,0,0,4,0,0,35,0,0,2,6,25,0,0,2,1,13,39,39,37,33,14,39,34.0,16.0,,,,,14.0,36.0,31.0,5.0,0.0,0.8611,<8%,2810328.2
392,Grant,13073.0,Wahluke School District,1835.0,Sentinel Tech Alt School,A,12th Grade,6,1,0,5,0,0,0,6,0,0,0,3,0,0,0,6,2,0,2,0,0,3,6,6,6,0,4,12.0,1.0,,,1.0,6.0,1.0,12.0,4.0,1.0,7.0,0.3333,<10%,190626.5
393,Grant,13073.0,Wahluke School District,4254.0,Wahluke High School,P,12th Grade,142,79,0,63,1,0,0,136,0,1,4,36,0,0,13,113,66,0,4,3,14,106,142,142,129,29,76,138.0,11.0,2.0,1.0,4.0,2.0,4.0,145.0,125.0,11.0,9.0,0.8621,6.80%,9468377.6
394,Walla Walla,36140.0,Walla Walla Public Schools,3468.0,Walla Walla High School,P,12th Grade,417,216,0,201,2,7,4,151,0,14,239,12,0,41,9,192,12,1,17,26,60,405,414,376,408,225,405,396.0,39.0,,,3.0,20.0,43.0,392.0,358.0,11.0,23.0,0.9133,2.10%,20653926.8
395,Walla Walla,36140.0,Walla Walla Public Schools,5460.0,Walla Walla Open Doors,R,12th Grade,124,59,0,65,1,1,1,42,1,1,77,3,0,0,8,70,2,1,30,4,5,121,123,124,116,54,122,53.0,19.0,,,,46.0,8.0,64.0,7.0,11.0,46.0,0.1094,<2%,971383.3
396,Yakima,39207.0,Wapato School District,4022.0,Pace Alternative High School,A,12th Grade,27,10,0,17,11,0,0,13,0,0,3,15,0,0,1,25,9,1,14,0,4,12,27,27,26,2,18,41.0,6.0,,5.0,4.0,7.0,13.0,34.0,6.0,12.0,16.0,0.1765,13.50%,1706273.3
397,Yakima,39207.0,Wapato School District,3141.0,Wapato High School,P,12th Grade,181,94,0,87,26,5,0,139,0,6,5,45,0,18,8,165,58,1,3,5,8,136,181,163,173,16,123,196.0,14.0,,3.0,7.0,2.0,22.0,188.0,172.0,4.0,12.0,0.9149,3.70%,12069834.4
398,Grant,13146.0,Warden School District,3273.0,Warden High School,P,12th Grade,65,32,0,33,0,1,1,45,0,0,18,7,0,0,7,37,13,0,5,3,9,58,65,65,58,28,52,69.0,4.0,,,3.0,1.0,14.0,59.0,53.0,2.0,4.0,0.8983,<4%,4394098.2
399,Clark,6112.0,Washougal School District,3147.0,Washougal High School,P,12th Grade,278,131,0,147,4,4,3,28,0,18,221,2,0,24,8,101,0,2,16,21,49,276,278,254,270,177,278,229.0,41.0,1.0,1.0,2.0,6.0,45.0,225.0,200.0,15.0,10.0,0.8889,<1%,13970530.8
400,Stevens,33049.0,Wellpinit School District #49,5461.0,Wellpinit Fort Simcoe SEA,R,12th Grade,42,15,1,26,4,0,1,16,0,2,19,0,0,1,0,13,1,1,27,0,5,42,42,41,42,29,41,43.0,20.0,,1.0,13.0,18.0,9.0,54.0,12.0,10.0,32.0,0.2222,<3%,892763.2
401,Stevens,33049.0,Wellpinit School District #49,2550.0,Wellpinit High School,P,12th Grade,19,9,0,10,12,0,0,3,0,3,1,5,0,1,2,14,0,0,0,0,1,14,19,18,17,5,19,20.0,1.0,,,,,1.0,20.0,18.0,2.0,0.0,0.9,<10%,2809498.0
402,Chelan,4246.0,Wenatchee School District,2134.0,Wenatchee High School,P,12th Grade,532,274,0,258,2,4,7,232,0,15,272,52,0,63,29,269,97,2,7,10,80,480,531,469,503,263,435,466.0,64.0,,2.0,5.0,12.0,38.0,492.0,465.0,8.0,19.0,0.9451,2.40%,25073381.4
403,Chelan,4246.0,Wenatchee School District,1613.0,Westside High School,A,12th Grade,139,61,0,78,1,0,0,68,0,3,67,23,0,3,14,81,10,0,27,7,9,116,139,136,125,58,129,125.0,17.0,,2.0,6.0,26.0,8.0,134.0,57.0,43.0,34.0,0.4254,2.10%,4217393.1
404,Spokane,32363.0,West Valley School District (Spokane),1628.0,Dishman Hills High School,5,12th Grade,133,13,109,11,0,0,10,25,3,5,90,3,0,0,31,127,0,0,28,7,20,130,131,133,102,6,133,113.0,26.0,,6.0,10.0,8.0,14.0,125.0,86.0,15.0,24.0,0.688,<2%,2841754.7
405,Spokane,32363.0,West Valley School District (Spokane),1842.0,Spokane Valley Transition School,5,12th Grade,67,29,2,36,1,0,1,7,0,5,53,0,0,2,2,47,0,0,17,0,5,67,67,65,65,20,67,83.0,7.0,,1.0,4.0,18.0,3.0,87.0,46.0,18.0,23.0,0.5287,<3%,1729909.5
406,Spokane,32363.0,West Valley School District (Spokane),3195.0,West Valley High School,P,12th Grade,202,109,1,92,0,8,5,11,1,18,159,4,0,17,2,80,0,1,3,5,26,198,200,185,200,122,202,206.0,13.0,,,1.0,1.0,17.0,202.0,194.0,6.0,2.0,0.9604,1.40%,10873142.9
407,Yakima,39208.0,West Valley School District (Yakima),3074.0,West Valley High School,P,12th Grade,373,169,0,204,1,11,5,99,0,11,246,13,0,27,12,147,1,4,22,6,43,360,369,346,361,226,372,358.0,41.0,,13.0,14.0,18.0,33.0,366.0,305.0,16.0,45.0,0.8333,4.20%,13450257.8
408,Yakima,39208.0,West Valley School District (Yakima),5506.0,WEST VALLEY VIRTUAL ACADEMY 9-12,5,12th Grade,43,17,0,26,1,3,1,10,1,1,26,1,0,1,0,9,0,0,15,1,0,42,43,42,43,34,43,38.0,61.0,,,24.0,40.0,24.0,75.0,4.0,7.0,64.0,0.0533,<3%,149679.8
409,Lewis,21303.0,White Pass School District,2859.0,White Pass Jr. Sr. High School,P,12th Grade,38,19,0,19,0,0,0,3,0,1,34,0,0,0,4,19,0,0,4,1,4,38,38,38,34,19,38,41.0,2.0,,,2.0,6.0,2.0,41.0,31.0,2.0,8.0,0.7561,<8%,3575849.3
410,Pierce,27416.0,White River School District,4569.0,White River High School,P,12th Grade,308,134,0,174,5,8,2,33,1,9,250,5,0,22,3,77,0,1,11,14,50,303,307,286,305,231,308,283.0,27.0,1.0,2.0,3.0,5.0,27.0,283.0,264.0,8.0,11.0,0.9329,3.50%,16121469.9
411,Klickitat,20405.0,White Salmon Valley School District,2330.0,Columbia High School,P,12th Grade,92,42,0,50,2,2,0,26,0,2,60,4,0,11,5,33,3,1,3,5,14,88,90,81,87,59,89,94.0,11.0,,1.0,1.0,2.0,16.0,89.0,82.0,3.0,4.0,0.9213,<3%,5281474.2
412,Klickitat,20405.0,White Salmon Valley School District,5077.0,White Salmon Academy,A,12th Grade,15,6,0,9,0,0,0,8,0,1,6,4,0,0,3,11,1,0,3,2,1,11,15,15,12,4,14,12.0,5.0,,,1.0,2.0,1.0,16.0,12.0,1.0,3.0,0.75,<10%,245089.6
413,Lewis,21232.0,Winlock School District,1829.0,Winolequa Learning Academy,A,12th Grade,13,3,0,10,0,0,0,2,0,1,10,0,0,0,4,13,0,0,2,0,4,13,13,13,9,0,13,14.0,3.0,,,,1.0,2.0,15.0,10.0,4.0,1.0,0.6667,<10%,387481.0
414,Cowlitz,8404.0,Woodland School District,1795.0,Woodland Alternative School,A,12th Grade,30,14,0,16,0,0,2,1,0,0,27,0,0,1,4,15,0,1,9,3,4,30,30,29,26,15,30,36.0,5.0,,1.0,6.0,7.0,2.0,39.0,16.0,9.0,14.0,0.4103,<7%,770717.1
415,Cowlitz,8404.0,Woodland School District,3546.0,Woodland High School,P,12th Grade,193,86,0,107,0,2,1,31,0,8,151,4,0,61,8,84,1,5,11,2,31,189,193,132,185,109,192,174.0,28.0,1.0,4.0,4.0,7.0,26.0,176.0,154.0,6.0,16.0,0.875,2.40%,10322531.4
416,Yakima,39007.0,Yakima School District,2116.0,Davis High School,P,12th Grade,540,286,0,254,3,5,6,449,0,15,62,93,0,56,7,384,49,0,27,11,59,447,539,484,533,156,491,517.0,32.0,9.0,3.0,11.0,19.0,44.0,505.0,426.0,37.0,42.0,0.8436,2.20%,27474758.0
417,Yakima,39007.0,Yakima School District,3206.0,Eisenhower High School,P,12th Grade,552,279,0,273,4,2,5,401,0,12,128,113,0,36,16,392,63,9,49,18,75,439,547,516,536,160,489,517.0,66.0,2.0,6.0,38.0,29.0,73.0,510.0,396.0,39.0,75.0,0.7765,5.80%,25617146.1
418,Yakima,39007.0,Yakima School District,4093.0,Stanton Academy,A,12th Grade,122,67,0,55,4,0,3,91,0,6,18,28,0,1,19,113,37,1,41,9,10,94,118,121,103,9,85,81.0,17.0,2.0,7.0,13.0,27.0,9.0,89.0,13.0,27.0,49.0,0.1461,8.60%,4537883.0
419,Yakima,39007.0,Yakima School District,5153.0,Yakima Online,A,12th Grade,33,23,0,10,0,0,0,23,0,1,9,4,0,0,0,22,3,0,13,2,3,29,32,33,33,11,30,23.0,5.0,1.0,,1.0,4.0,5.0,23.0,8.0,9.0,6.0,0.3478,<6%,853457.3
420,Thurston,34002.0,Yelm School District,1627.0,Yelm Extension School,A,12th Grade,86,48,0,38,0,1,3,7,0,6,69,0,0,0,0,47,0,6,30,4,3,86,85,86,86,39,86,64.0,10.0,,3.0,4.0,18.0,16.0,58.0,17.0,16.0,25.0,0.2931,<2%,1197623.1
421,Thurston,34002.0,Yelm School District,2633.0,Yelm High School 12,P,12th Grade,380,197,0,183,2,4,6,50,5,34,279,6,0,37,9,135,1,10,28,20,64,374,378,343,371,245,379,321.0,62.0,,2.0,4.0,7.0,52.0,331.0,305.0,13.0,13.0,0.9215,3.50%,19862719.6
422,Yakima,39205.0,Zillah School District,2240.0,Zillah High School,P,12th Grade,112,50,0,62,2,0,0,46,0,4,60,6,0,4,3,50,8,1,5,4,5,106,112,108,109,62,104,114.0,8.0,2.0,2.0,1.0,3.0,7.0,115.0,105.0,2.0,8.0,0.913,<3%,5832535.3
